system,time,CA RMSD,BB RMSD
traj1,0,0.0,0.0
traj1,20,0.2756804064984935,0.31473880222354655
traj1,40,0.2758640918539553,0.3207128153094651
traj1,60,0.2762727288913726,0.31316441085019825
traj1,80,0.28277637520690135,0.3199845497561004
traj1,100,0.2719488536758856,0.31385613182891425
traj1,120,0.2791084630293225,0.3180363660020957
traj1,140,0.2721875728259107,0.3195270408623201
traj1,160,0.2841695553693401,0.33150120938137406
traj1,180,0.28309187222770277,0.3150301308187691
traj1,200,0.27330987237579035,0.3156229462228397
traj1,220,0.2761302453362624,0.31629512611983024
traj1,240,0.27313216557351705,0.3122433936327662
traj1,260,0.2790786943407118,0.3258895844420349
traj1,280,0.26433311346798183,0.3121102680632148
traj1,300,0.2752494361453152,0.30908730254895445
traj1,320,0.2773656100023503,0.3129165800241266
traj1,340,0.28479029560192737,0.32415467716247953
traj1,360,0.2802447194039119,0.3262356396491106
traj1,380,0.28405358498402494,0.31820817751999897
traj1,400,0.2819746748842966,0.3221245365677041
traj1,420,0.2676843940263927,0.3221736985330187
traj1,440,0.2791663331477618,0.3314670775838091
traj1,460,0.278136638960153,0.3313368532534246
traj1,480,0.2845041609962488,0.32993438162402794
traj1,500,0.2914670526847676,0.3316892670498031
traj1,520,0.282406765594461,0.3257663591266647
traj1,540,0.294757180310837,0.3460638832974089
traj1,560,0.2778843139230564,0.3284509747836181
traj1,580,0.289681234265121,0.3319370685204582
traj1,600,0.2826763523909257,0.3401786661701816
traj1,620,0.28453627929762493,0.33902846326037106
traj1,640,0.2927960992038596,0.33654891001808834
traj1,660,0.288570866028548,0.338012035047706
traj1,680,0.2745457684999351,0.329745880116158
traj1,700,0.2876602107140331,0.337313951565147
traj1,720,0.2748312518332417,0.32234207595135445
traj1,740,0.27212411891265803,0.33864411001009326
traj1,760,0.2825147192967869,0.3318344527763322
traj1,780,0.28494609709756047,0.33354515027746584
traj1,800,0.27812455478487247,0.329131258019565
traj1,820,0.27523839565055686,0.3256265292544523
traj1,840,0.2893111328406924,0.33871656061317745
traj1,860,0.2840753107461978,0.32710361231555246
traj1,880,0.2830222367288149,0.33276335989438666
traj1,900,0.27638061499285915,0.336761299138223
traj1,920,0.28251808347472795,0.3291228764107385
traj1,940,0.2958940896306934,0.3355665183903822
traj1,960,0.2921074063600986,0.34120954544014903
traj1,980,0.2888315927817669,0.334129547524421
traj1,1000,0.29361509132417485,0.3462049663210719
traj1,1020,0.28129784613498887,0.3261818202215152
traj1,1040,0.28631467393387866,0.3324975009063996
traj1,1060,0.28931356900241084,0.330524606655103
traj1,1080,0.2901361132605476,0.3340342480777693
traj1,1100,0.2699833377858978,0.32105625070455535
traj1,1120,0.2831874929256286,0.33414214125229347
traj1,1140,0.28618478751471665,0.3369925383163635
traj1,1160,0.28565743998407045,0.3357036133497884
traj1,1180,0.2841944368992197,0.33240653346656757
traj1,1200,0.28822236449671684,0.34434484032684576
traj1,1220,0.2840684903503752,0.3391684019907023
traj1,1240,0.28291603100354384,0.3328340154276275
traj1,1260,0.2852452562981047,0.3349964503510341
traj1,1280,0.2755803618438875,0.32594782207315093
traj1,1300,0.27081399590921856,0.3309276926829882
traj1,1320,0.2859784877633363,0.3291610958842855
traj1,1340,0.28400952225072096,0.33513095892693634
traj1,1360,0.27495351523274747,0.32513569723850183
traj1,1380,0.290956060401771,0.34290511916414707
traj1,1400,0.286390260007244,0.3336385250489287
traj1,1420,0.29226462943366005,0.3422337832072158
traj1,1440,0.284042178999363,0.33575875578210673
traj1,1460,0.29292310173463754,0.33374459289959907
traj1,1480,0.29147788321479784,0.334281727161906
traj1,1500,0.2817838509963335,0.32458019348164735
traj1,1520,0.2856993596052381,0.33276192320147163
traj1,1540,0.2974158783681888,0.3409883067163125
traj1,1560,0.29465919386101336,0.33240862904592916
traj1,1580,0.28991303562538695,0.3351698862269931
traj1,1600,0.28418029587003957,0.32842130721272
traj1,1620,0.290045834769761,0.34050386195747034
traj1,1640,0.2935943673918624,0.3406567026463762
traj1,1660,0.2785780323678291,0.32412365687092903
traj1,1680,0.28879864663105004,0.33379884980324465
traj1,1700,0.2829080719307357,0.32715692037753435
traj1,1720,0.28282122919450037,0.32437112396485235
traj1,1740,0.2893015734210782,0.33022204905564273
traj1,1760,0.28337966309975,0.337957646420794
traj1,1780,0.2961789962253066,0.3379402639904068
traj1,1800,0.2767070532706793,0.3245183289270362
traj1,1820,0.2817434110891781,0.3324052569790934
traj1,1840,0.2676243756634186,0.3201787421763022
traj1,1860,0.28915999508765394,0.3342269672538705
traj1,1880,0.2890011903776016,0.3327944971786809
traj1,1900,0.274305012665743,0.31896935341567867
traj1,1920,0.2701029361971088,0.3242402823867357
traj1,1940,0.28105980409084225,0.3279916127394373
traj1,1960,0.2864242339580209,0.3297108637026544
traj1,1980,0.2938007751353369,0.3281968773182062
traj1,2000,0.28428118421381765,0.3288227930173831
traj1,2020,0.2829087872031618,0.3309942435242618
traj1,2040,0.2932798459802576,0.3463108820631109
traj1,2060,0.2754923953025842,0.3231113229264637
traj1,2080,0.2848856702221397,0.3301629210025637
traj1,2100,0.27318912673216933,0.32621413622516193
traj1,2120,0.270169745558935,0.31112251068497004
traj1,2140,0.27911749781098605,0.3268485003852971
traj1,2160,0.2860368260222105,0.33419402412208626
traj1,2180,0.28793409318008123,0.33171742222142103
traj1,2200,0.27904361506734576,0.3295094190127655
traj1,2220,0.27983464974190303,0.325428882948611
traj1,2240,0.2785731633728593,0.3215805722426
traj1,2260,0.2848529495459074,0.3411296844009696
traj1,2280,0.2864870821254898,0.3263588533909208
traj1,2300,0.28432685152057335,0.3368844323608342
traj1,2320,0.28714656703045954,0.3328468262520805
traj1,2340,0.2937806134844934,0.34804525997893015
traj1,2360,0.2720571643534289,0.32185495897012134
traj1,2380,0.27918058097595055,0.3270284373256674
traj1,2400,0.29227765588667054,0.33992307164744745
traj1,2420,0.2829017031210863,0.33657201859120667
traj1,2440,0.2819536649418808,0.331932585935333
traj1,2460,0.2843796447215699,0.327717767187702
traj1,2480,0.286369681523165,0.3375703189957791
traj1,2500,0.27824966378722255,0.3320282947946454
traj1,2520,0.2717161095172618,0.32529221048226714
traj1,2540,0.29250300250156835,0.3377623973887021
traj1,2560,0.2917506290558729,0.33901057534987106
traj1,2580,0.2798187580388549,0.33169732868890617
traj1,2600,0.28831427188840525,0.3396929082333955
traj1,2620,0.2618108370978289,0.31558036844210235
traj1,2640,0.2826692343317497,0.3301508901669983
traj1,2660,0.2861104748485382,0.33022372767633235
traj1,2680,0.28552421809317774,0.3299550097816785
traj1,2700,0.29256646983326295,0.33638529640515674
traj1,2720,0.2800929323207588,0.33429061581838154
traj1,2740,0.28831249435369694,0.33628803575826016
traj1,2760,0.2854955083830404,0.33643499084264394
traj1,2780,0.2853133918328289,0.3376229196246979
traj1,2800,0.2771876707601863,0.3269789787301146
traj1,2820,0.27675167092304326,0.32236806200655616
traj1,2840,0.28364514221090614,0.33764844520743925
traj1,2860,0.2841066453803038,0.3327762579618935
traj1,2880,0.28197926947966756,0.33757671955641305
traj1,2900,0.2961180346996999,0.336676302611167
traj1,2920,0.3089119847147199,0.35036334989770246
traj1,2940,0.2742788882650103,0.314205581603609
traj1,2960,0.2775934940098188,0.3253832366116499
traj1,2980,0.28924996379228163,0.33975218923666095
traj1,3000,0.2911197482264936,0.34452044162051926
traj1,3020,0.28480311484986404,0.33760979739194497
traj1,3040,0.278592496223515,0.3250600740776479
traj1,3060,0.2837814864948703,0.334747527384499
traj1,3080,0.2773461372489555,0.3207341234893322
traj1,3100,0.2793722126122958,0.3372529424746266
traj1,3120,0.2819067948126611,0.3299614760784287
traj1,3140,0.28040248838828447,0.3314484894019914
traj1,3160,0.28249160254896555,0.32762151963600106
traj1,3180,0.27920613729003513,0.32903335302863096
traj1,3200,0.2837171760758249,0.3345685811245657
traj1,3220,0.28131394679552923,0.32700753283939243
traj1,3240,0.2633438448907998,0.3126681552727243
traj1,3260,0.289331786886606,0.3302859866229993
traj1,3280,0.2920510177802163,0.3401238879537099
traj1,3300,0.2746266824986756,0.32935848278852686
traj1,3320,0.2851763157935996,0.325081842243237
traj1,3340,0.2849683275870444,0.33344405197709853
traj1,3360,0.29464901451192976,0.3402882974741584
traj1,3380,0.27902899010684323,0.33129689769055004
traj1,3400,0.28852071327182943,0.33591588528991617
traj1,3420,0.2941925971922861,0.33674457539153785
traj1,3440,0.2837559499191646,0.3314257446266013
traj1,3460,0.2740338997194106,0.32054918212461986
traj1,3480,0.2783302132626074,0.3323640880971004
traj1,3500,0.29645747889640983,0.33674901383900746
traj1,3520,0.2953073179226112,0.3385289614882009
traj1,3540,0.2875721592798477,0.3285962695404598
traj1,3560,0.2918811412973447,0.32954616909283607
traj1,3580,0.2962110971561071,0.3345634799447205
traj1,3600,0.27735257295276383,0.33159462948841595
traj1,3620,0.2850733453604263,0.33345605577869913
traj1,3640,0.27853194438892714,0.3287125672648147
traj1,3660,0.28639892169955783,0.34110634998826084
traj1,3680,0.29168828462800156,0.343889793418671
traj1,3700,0.29078879941855157,0.33940944220059294
traj1,3720,0.29209801117452433,0.3373961281813988
traj1,3740,0.28939268526807416,0.3306883709742463
traj1,3760,0.2767729754221212,0.3241040932982025
traj1,3780,0.28574887577895974,0.3328755995239688
traj1,3800,0.27311336445769335,0.331112481508414
traj1,3820,0.2765349169273283,0.32641585730262895
traj1,3840,0.2862933380791944,0.338495077228996
traj1,3860,0.2898420226420149,0.3333520059899483
traj1,3880,0.2756193108817503,0.32932550793779775
traj1,3900,0.2914074549487493,0.3406445356160492
traj1,3920,0.28365971695402625,0.33197014897480365
traj1,3940,0.2795399287543988,0.33107410159572054
traj1,3960,0.2768350899570814,0.3335761710561412
traj1,3980,0.27603860872254504,0.32344580929932704
traj1,4000,0.28575808738337505,0.3350298717254773
traj1,4020,0.2984015576635047,0.3388406576935558
traj1,4040,0.28907045593575137,0.3285050270357539
traj1,4060,0.28471220679854914,0.3293614316668307
traj1,4080,0.2831395788840056,0.3328772544022081
traj1,4100,0.29370901805241656,0.34265290906207996
traj1,4120,0.28332415296711916,0.33052981340258847
traj1,4140,0.2964150262467334,0.3401842876778105
traj1,4160,0.284816194019653,0.3274525165404876
traj1,4180,0.28100563220237185,0.3300880423399477
traj1,4200,0.2907018085692564,0.3397321701261198
traj1,4220,0.2905406205738211,0.3412159225523206
traj1,4240,0.29238328195142693,0.33531776973936805
traj1,4260,0.28781503636135425,0.3406216315269383
traj1,4280,0.2835727088166706,0.3266252559587687
traj1,4300,0.29423509090123257,0.34506266339162117
traj1,4320,0.29125458631370255,0.3338073864998837
traj1,4340,0.2789375406041449,0.3244459956434505
traj1,4360,0.28916342599661543,0.33747294664656025
traj1,4380,0.2869173974419022,0.33057162221368025
traj1,4400,0.29706699520686336,0.34054069497938627
traj1,4420,0.287016041507427,0.328789507617511
traj1,4440,0.28725599622436954,0.33514982760368056
traj1,4460,0.2935088728236348,0.33379120239227394
traj1,4480,0.2901787585581027,0.33360241386088896
traj1,4500,0.2873366963487903,0.3374125122528443
traj1,4520,0.287119895609932,0.3347237511943338
traj1,4540,0.2897910717885703,0.33224209388319875
traj1,4560,0.28776653032209226,0.3369809854503668
traj1,4580,0.2831341700344934,0.33161446792385324
traj1,4600,0.2816452377098117,0.3277861597838151
traj1,4620,0.29646027087183735,0.34576016667238424
traj1,4640,0.29132909462800394,0.3296687148125322
traj1,4660,0.29275630749779036,0.33024242697676903
traj1,4680,0.2859723776777378,0.33300541254567884
traj1,4700,0.29300500973468047,0.3390661216316845
traj1,4720,0.2907518499549032,0.33376250327698576
traj1,4740,0.2822339048820422,0.3265737907436669
traj1,4760,0.29726081747713035,0.3524893411117821
traj1,4780,0.29389534298955905,0.33251220342491655
traj1,4800,0.281303197044676,0.32374639925061305
traj1,4820,0.28912653855217746,0.33691076891290084
traj1,4840,0.28795984572756805,0.3300442961553357
traj1,4860,0.28681849393752534,0.33186883956549285
traj1,4880,0.29809002331841555,0.34380739867292504
traj1,4900,0.2851129794947912,0.3426221159860917
traj1,4920,0.29517426311646955,0.33389871170840746
traj1,4940,0.3000268997131719,0.33907872804566813
traj1,4960,0.282759165292857,0.33346162523633077
traj1,4980,0.290615926829982,0.3349165389994922
traj1,5000,0.2857821164060967,0.32667370689096653
traj1,5020,0.2836947954682173,0.3353932589384926
traj1,5040,0.2885951788299297,0.33414884263037575
traj1,5060,0.2911488762170068,0.33817051504674833
traj1,5080,0.2889436574320105,0.3293840682009831
traj1,5100,0.2942237149285319,0.3388736462218384
traj1,5120,0.2928201037326616,0.3265937236002439
traj1,5140,0.29525675260964446,0.34546971801682863
traj1,5160,0.28717544981373544,0.3314390213490625
traj1,5180,0.29415540622694636,0.3308362961490847
traj1,5200,0.2985725388634574,0.34425856468885535
traj1,5220,0.28698151131301713,0.3234301999982221
traj1,5240,0.28658640426031,0.33533851548422694
traj1,5260,0.28309288796209525,0.33618430519568576
traj1,5280,0.28462899145355885,0.3290396133367952
traj1,5300,0.27972629861515075,0.3371178432739413
traj1,5320,0.2970725322213157,0.33941711200821284
traj1,5340,0.2846583285554888,0.33483891252037246
traj1,5360,0.29519474288240305,0.33525951776942503
traj1,5380,0.2767853276130028,0.3227726269221467
traj1,5400,0.2930075145984673,0.33888817877552563
traj1,5420,0.2967694147560357,0.33744152941776523
traj1,5440,0.2946560067451063,0.3355553467073351
traj1,5460,0.2758320987139752,0.3265444702095003
traj1,5480,0.29898653930192953,0.3502305045350999
traj1,5500,0.2913432648256895,0.3423180175988221
traj1,5520,0.28982304548202525,0.3282270142440999
traj1,5540,0.2875545177204726,0.33661398620808924
traj1,5560,0.3046557382876043,0.3525898588970797
traj1,5580,0.2971272779387644,0.3349338832345611
traj1,5600,0.29946196950235376,0.34311901216712676
traj1,5620,0.28916974105308973,0.32336632642402624
traj1,5640,0.2996029789337031,0.33881413319237197
traj1,5660,0.2846939011050294,0.33233927209782854
traj1,5680,0.29354344400809956,0.3388669680771879
traj1,5700,0.28084031041305435,0.3277426511470236
traj1,5720,0.28558340639717433,0.33677061697252036
traj1,5740,0.2878434382750765,0.337060598553478
traj1,5760,0.2872354490101242,0.32930728962683753
traj1,5780,0.2900849522243103,0.34041923474572383
traj1,5800,0.280135344971682,0.343046741779767
traj1,5820,0.2891693291384471,0.34535569886664347
traj1,5840,0.3036946312981674,0.3460868188724747
traj1,5860,0.2793202074195968,0.33124650482155876
traj1,5880,0.2865855137009027,0.34368481338853274
traj1,5900,0.2845439935426392,0.33846146761252693
traj1,5920,0.2760517850040475,0.329573699153535
traj1,5940,0.27734194980216664,0.3266320590707951
traj1,5960,0.2833120276348008,0.3355649946768284
traj1,5980,0.2843495696056763,0.3409134215889275
traj1,6000,0.2943900716995924,0.34352738458039855
traj1,6020,0.29252674519755856,0.3357694048519974
traj1,6040,0.29166235056334106,0.34089997440110287
traj1,6060,0.2808376843582147,0.33146714846081615
traj1,6080,0.28669884359650166,0.33965052976190624
traj1,6100,0.29130897521337756,0.33402599035130065
traj1,6120,0.2952378298970454,0.33765597851958923
traj1,6140,0.2947769604813485,0.3364957193311137
traj1,6160,0.27818994609518244,0.3257122815724005
traj1,6180,0.289763799962978,0.3322841960911356
traj1,6200,0.2901224755586374,0.3417808270284998
traj1,6220,0.29274882362966975,0.34435082248199644
traj1,6240,0.2744738555808184,0.323609863526392
traj1,6260,0.275164812259715,0.32993924040086686
traj1,6280,0.29236780005827695,0.3381499964356639
traj1,6300,0.29273799748183593,0.34805182291915177
traj1,6320,0.285468046892064,0.3267531197266477
traj1,6340,0.2970079967318997,0.3463522174450756
traj1,6360,0.29127151396014445,0.3391085800547546
traj1,6380,0.29754375982678766,0.33902605330998953
traj1,6400,0.28492134538059927,0.3324613975186128
traj1,6420,0.29097804088608786,0.336152753450819
traj1,6440,0.2874435288325576,0.33326535661626866
traj1,6460,0.2810942440858948,0.3376365929646127
traj1,6480,0.3005200452363084,0.34017298607602475
traj1,6500,0.28679463411349776,0.33760121905950013
traj1,6520,0.2840282358025819,0.33065919634634555
traj1,6540,0.2806570607448116,0.3306740700400484
traj1,6560,0.2806629309889426,0.3212212139330087
traj1,6580,0.29148037927257514,0.333305266422176
traj1,6600,0.2801713967830558,0.3275626419018472
traj1,6620,0.2878200971123208,0.3387845478636827
traj1,6640,0.281694362862935,0.3253576912270762
traj1,6660,0.2902016578457761,0.3416964120101509
traj1,6680,0.29532275681573905,0.3419465577919096
traj1,6700,0.28417892415603996,0.33014371317814256
traj1,6720,0.2966169605318159,0.3417470817176614
traj1,6740,0.29027212536896607,0.341774418157068
traj1,6760,0.2862826152220292,0.33866155424400757
traj1,6780,0.28385150957109145,0.3311199477640853
traj1,6800,0.2823539496349657,0.3316971077028216
traj1,6820,0.2891537386281398,0.33649024233953956
traj1,6840,0.2870356299313776,0.33247207910446797
traj1,6860,0.28296403920128854,0.3344662553083226
traj1,6880,0.2831472051429556,0.31870499365617344
traj1,6900,0.2961046866104413,0.3368130727860436
traj1,6920,0.2849013695970128,0.31967828833161355
traj1,6940,0.2754981046490323,0.3212710604822162
traj1,6960,0.2922097676204543,0.3398188998652448
traj1,6980,0.29355065464242847,0.3362458724003093
traj1,7000,0.2852351045238187,0.3266524755073779
traj1,7020,0.27739304645836016,0.3266858771981921
traj1,7040,0.28065460877543796,0.3307082044300432
traj1,7060,0.2918290133135659,0.33122746349903975
traj1,7080,0.2954527244605879,0.3383986044593762
traj1,7100,0.2985760497157049,0.34019181222954226
traj1,7120,0.29999741296998655,0.3417331370570989
traj1,7140,0.29454141627388253,0.343446739861252
traj1,7160,0.28831906520213574,0.33897671630673715
traj1,7180,0.2917803408068975,0.3363031635291591
traj1,7200,0.29741627054336905,0.34444664590959084
traj1,7220,0.2987452549770859,0.33848631297527626
traj1,7240,0.2981470948427213,0.3363320430305024
traj1,7260,0.2949790990147,0.33787027824129884
traj1,7280,0.2901347601985474,0.3369507925898372
traj1,7300,0.29735809762521653,0.3383768224648381
traj1,7320,0.2944849716564978,0.33700592332260887
traj1,7340,0.2986809302697926,0.3390651706599525
traj1,7360,0.2855093659867903,0.33722560496516474
traj1,7380,0.2739592699681253,0.32397047058398093
traj1,7400,0.28781601789299016,0.33023710097735715
traj1,7420,0.2805502725577581,0.32787964717966794
traj1,7440,0.2920753647821899,0.3332187739041493
traj1,7460,0.2820822578658936,0.3229375317955959
traj1,7480,0.2883465490976611,0.3268068330472961
traj1,7500,0.2860236325482941,0.32555734901363637
traj1,7520,0.2911031487381527,0.3373018296524925
traj1,7540,0.2978041312323134,0.34452329724219904
traj1,7560,0.2914901425683318,0.33306854399126756
traj1,7580,0.2866615642256529,0.33156842127693187
traj1,7600,0.288809408066272,0.33701634880976056
traj1,7620,0.3035457539491146,0.341856322246354
traj1,7640,0.29225537445263283,0.3394057631583827
traj1,7660,0.2847775887719655,0.3312189822748692
traj1,7680,0.294335464802237,0.33348090928517043
traj1,7700,0.2790728453657776,0.3307784228563251
traj1,7720,0.2923110748057449,0.34369646050248653
traj1,7740,0.29327459130637745,0.3323562401500238
traj1,7760,0.29001422691656137,0.3339822372270559
traj1,7780,0.2822508526753869,0.3246665010215818
traj1,7800,0.2896227553626694,0.3367443315316847
traj1,7820,0.27095477053617656,0.32018684008753046
traj1,7840,0.2882231596387229,0.32838597155605903
traj1,7860,0.2908901584430811,0.33093386992161933
traj1,7880,0.28240867918325147,0.3349352935644873
traj1,7900,0.28436806978156876,0.3304393147343608
traj1,7920,0.2881919662329314,0.331581295889208
traj1,7940,0.2915860188709092,0.3372778937004984
traj1,7960,0.28463170203388,0.3230937786534997
traj1,7980,0.283944065712575,0.3295136845472791
traj1,8000,0.28432772529367234,0.3294181213930916
traj1,8020,0.29643409836230306,0.3337240641944845
traj1,8040,0.28025202111142483,0.3303067713157894
traj1,8060,0.3006488688927438,0.34366694017778127
traj1,8080,0.28008157854134624,0.3252871200002182
traj1,8100,0.2863374305666599,0.33354671517176787
traj1,8120,0.2890198292469113,0.33276341087654254
traj1,8140,0.2864412005702475,0.32044233321527016
traj1,8160,0.2913445117573022,0.3307736491364668
traj1,8180,0.2935012834925381,0.33221142273950555
traj1,8200,0.28471076583550886,0.3287994635721956
traj1,8220,0.28036584823190525,0.3336191785690631
traj1,8240,0.29301029784642163,0.33466235520242776
traj1,8260,0.28477725537864124,0.33316802822222275
traj1,8280,0.2973919958078913,0.33757380683835153
traj1,8300,0.2878387345654912,0.3359534733058807
traj1,8320,0.29444477591158047,0.33152172418336406
traj1,8340,0.283805176973679,0.3317092095051914
traj1,8360,0.28804362249887955,0.3261561341878538
traj1,8380,0.28144292341025595,0.328878219084027
traj1,8400,0.2879003634546342,0.33171687603147965
traj1,8420,0.2740117339660731,0.33019625705535877
traj1,8440,0.28600789818661243,0.32425260243978155
traj1,8460,0.29256396901793247,0.3435328704356117
traj1,8480,0.28968415519853463,0.3384946332363203
traj1,8500,0.28611869974013987,0.3297746211175977
traj1,8520,0.2881073403569678,0.3297215964141648
traj1,8540,0.2824630498898824,0.31988538329930916
traj1,8560,0.28654732149187206,0.33558501582310707
traj1,8580,0.2989862915475647,0.3409666557115063
traj1,8600,0.2812323158050278,0.3350580560873891
traj1,8620,0.2858487360040449,0.33402646736561414
traj1,8640,0.2870682782452413,0.32684861837629103
traj1,8660,0.28644147177102003,0.33563108709909695
traj1,8680,0.2886658402917327,0.3403169379137168
traj1,8700,0.28374984870281594,0.32652547185694636
traj1,8720,0.2828901550835254,0.33229481439346553
traj1,8740,0.30026773077069163,0.34355933109749337
traj1,8760,0.29388137868646735,0.3346540508022581
traj1,8780,0.2816268200459171,0.3306559707227044
traj1,8800,0.2991243606994685,0.3420569286376865
traj1,8820,0.2862830594421466,0.33094243735049955
traj1,8840,0.2886678032277525,0.3338964325887006
traj1,8860,0.29722497957405847,0.3358044291179777
traj1,8880,0.2900886536665422,0.3367397752159916
traj1,8900,0.2793983728543812,0.3350613834090498
traj1,8920,0.28317647114656846,0.33183990652219036
traj1,8940,0.29877899857826273,0.337501225238075
traj1,8960,0.2834115032301984,0.3374224824598835
traj1,8980,0.2970658933538196,0.3408083612162054
traj1,9000,0.29274187349709596,0.3311854100339234
traj1,9020,0.288712496354654,0.33369176376601983
traj1,9040,0.2881906261174796,0.3345639646010562
traj1,9060,0.27982150588747273,0.3274632889632087
traj1,9080,0.2913536816853937,0.33672842789052887
traj1,9100,0.3017316057850815,0.3463635455532573
traj1,9120,0.29461295662739534,0.3472324249207235
traj1,9140,0.2858819915588427,0.33555096000353785
traj1,9160,0.28423154312294896,0.339710572385598
traj1,9180,0.29058100502102807,0.3429407247163741
traj1,9200,0.2931478758860816,0.33607363737182555
traj1,9220,0.2900216133641318,0.3364443023216371
traj1,9240,0.2901022705611925,0.3310172392699432
traj1,9260,0.293117077754142,0.34057066037596245
traj1,9280,0.2725682912945113,0.3277440088563705
traj1,9300,0.28821160144837604,0.33541918642905166
traj1,9320,0.2979933239007038,0.3462896414883987
traj1,9340,0.28727654343292547,0.3390040162131691
traj1,9360,0.2948164521942407,0.3347864008702488
traj1,9380,0.28749557417272253,0.34010987270582177
traj1,9400,0.3012845060702477,0.3450729175075878
traj1,9420,0.29686368338063845,0.33957684928207366
traj1,9440,0.2924885987722266,0.34014837544689
traj1,9460,0.29035766095873133,0.33914375523234686
traj1,9480,0.2872334428436777,0.3332605576957336
traj1,9500,0.2856475011782433,0.33382387764382915
traj1,9520,0.30074025195665144,0.33656783897330694
traj1,9540,0.2956445839402159,0.33878374542983275
traj1,9560,0.28266767726360886,0.33327351923608045
traj1,9580,0.29615621991019364,0.3395769105820274
traj1,9600,0.3002836421236842,0.34601237837385923
traj1,9620,0.28685205166136385,0.3412872777103932
traj1,9640,0.29489869537344143,0.34912820427421254
traj1,9660,0.29695422701654967,0.3374539291639609
traj1,9680,0.2940597272672041,0.33880360944843935
traj1,9700,0.290908204902409,0.33851372906293703
traj1,9720,0.2920036588440642,0.3413965657106613
traj1,9740,0.29478688318653806,0.351795657239662
traj1,9760,0.2965541821679485,0.3433848528492312
traj1,9780,0.2840356786528381,0.32935692984544523
traj1,9800,0.28965909307520943,0.3400579349946419
traj1,9820,0.2868315497185557,0.3365154124325493
traj1,9840,0.289839355700754,0.3330884587582552
traj1,9860,0.3048428941663365,0.34396981694700457
traj1,9880,0.28868383589437496,0.33259312896256277
traj1,9900,0.2975995861409895,0.3374256274258145
traj1,9920,0.2922033283084703,0.335108509628369
traj1,9940,0.29167872062304073,0.3425635443532659
traj1,9960,0.2932416938889369,0.338908629625357
traj1,9980,0.2913302691234946,0.34496294119711585
traj1,10000,0.28667141014487874,0.32640986715819237
traj1,10020,0.28758311010338716,0.3243860003115488
traj1,10040,0.2875836844522207,0.33287677225385515
traj1,10060,0.28981895867118856,0.3290153645289179
traj1,10080,0.2964495591392,0.34600492509721537
traj1,10100,0.2786431717774497,0.3244913784256734
traj1,10120,0.27646020051769143,0.31868839941119975
traj1,10140,0.2831231810999949,0.34117966440857933
traj1,10160,0.28856113661421345,0.33755915695492583
traj1,10180,0.2879365701527434,0.32984054797647555
traj1,10200,0.29156546638046565,0.3287991267889073
traj1,10220,0.2847917048756961,0.32665311033610134
traj1,10240,0.2891510137385022,0.3326453158114292
traj1,10260,0.29243825948732804,0.339419708997491
traj1,10280,0.29119406089279765,0.3432406306774932
traj1,10300,0.2964231096236956,0.34587348482259395
traj1,10320,0.28995500485156356,0.3316711114022224
traj1,10340,0.2957168886945646,0.3398699738834494
traj1,10360,0.29927500099403714,0.3416224311928421
traj1,10380,0.28750053489477573,0.33110229302472716
traj1,10400,0.2816479366596241,0.33273681249595155
traj1,10420,0.29680452684851805,0.33874611908861213
traj1,10440,0.28426184683789874,0.3365983908657958
traj1,10460,0.2857142562664466,0.3353201740248824
traj1,10480,0.2876282515293001,0.33353321922860363
traj1,10500,0.2900583843901262,0.343858360042204
traj1,10520,0.28313801500052194,0.32757452053165126
traj1,10540,0.28580465904739205,0.32381601179171415
traj1,10560,0.28226232868169204,0.33313889595499474
traj1,10580,0.2845229739371419,0.33790909374251565
traj1,10600,0.2951946248602021,0.344760658064168
traj1,10620,0.28771989249442864,0.34070417602776176
traj1,10640,0.2896095880234042,0.3403346571739494
traj1,10660,0.2860706834324834,0.33337759563098346
traj1,10680,0.29037910798867794,0.33966448465884946
traj1,10700,0.2757377646900111,0.32465846294899875
traj1,10720,0.2902789418804195,0.33149378315387923
traj1,10740,0.29091297056259713,0.3321248171199585
traj1,10760,0.28451469852800537,0.33084075985769146
traj1,10780,0.28809004756462686,0.3331386551332822
traj1,10800,0.2860147264897009,0.33451717406606124
traj1,10820,0.2867988427626061,0.334240290918085
traj1,10840,0.2922312065868466,0.3340434221306801
traj1,10860,0.2886253902605825,0.3453755778575799
traj1,10880,0.30309911077930063,0.3413531699708722
traj1,10900,0.2841944741815722,0.3379972591664485
traj1,10920,0.2912146540474247,0.3412050196719396
traj1,10940,0.28590553908315647,0.32946583906134047
traj1,10960,0.29221973528887674,0.33071619480555786
traj1,10980,0.2966897365518601,0.34555020451834345
traj1,11000,0.29369385549379223,0.33950392396484746
traj1,11020,0.2920532449729939,0.33590350456698814
traj1,11040,0.2844531743145478,0.3285216907666748
traj1,11060,0.27614736992994127,0.320516671822043
traj1,11080,0.28446740234892354,0.3325744333722385
traj1,11100,0.2922972605436826,0.3426078855048323
traj1,11120,0.29790970656494487,0.33769832353774
traj1,11140,0.28203327692555336,0.3342269196421507
traj1,11160,0.29041677965355367,0.34156487717273126
traj1,11180,0.2962195406833883,0.3484578030224805
traj1,11200,0.27877846347265905,0.32366670484525256
traj1,11220,0.2883143766339787,0.3400724754119139
traj1,11240,0.27739510350578395,0.3289169212722684
traj1,11260,0.28256021205228127,0.3304127107762298
traj1,11280,0.28651972570543865,0.3299106429642203
traj1,11300,0.28014168896986336,0.3304762360397378
traj1,11320,0.28119716324342725,0.33452804111177986
traj1,11340,0.29659724446630176,0.34274087304876294
traj1,11360,0.2866828692466317,0.33865536432186927
traj1,11380,0.2768086559754369,0.3312219075377467
traj1,11400,0.27025197198681905,0.3219722086024085
traj1,11420,0.29201950836208473,0.33357576837511527
traj1,11440,0.28129672960528457,0.3270050575353515
traj1,11460,0.2922850627646354,0.34235538597279175
traj1,11480,0.2739813926923014,0.3190271917225069
traj1,11500,0.2977659814980313,0.3458905816416336
traj1,11520,0.28276535488072174,0.3284500109188765
traj1,11540,0.28680410220652885,0.33281829957009196
traj1,11560,0.29694987346678986,0.33625787508445154
traj1,11580,0.2966689116836536,0.3355068568225359
traj1,11600,0.2768524453978815,0.33017656634898784
traj1,11620,0.3070889814846531,0.34116186414020133
traj1,11640,0.2762488848555514,0.320585071247528
traj1,11660,0.2799309490220848,0.3234352686603402
traj1,11680,0.2870266264699698,0.3231252541351222
traj1,11700,0.29847584305105673,0.3441662420971616
traj1,11720,0.2807675556416582,0.3214239978177621
traj1,11740,0.2922490651340377,0.3373500948471815
traj1,11760,0.28638003505500126,0.33256730944192403
traj1,11780,0.28838158508165573,0.32678728668096546
traj1,11800,0.29027302103689295,0.3284050595982492
traj1,11820,0.29182004588089033,0.33297854234125446
traj1,11840,0.2779535897791749,0.32615700321131186
traj1,11860,0.28373685275228056,0.332520701199357
traj1,11880,0.2870172315314118,0.3248329563920522
traj1,11900,0.27942720616150873,0.3255701527377196
traj1,11920,0.289480951661487,0.3346300894027336
traj1,11940,0.27919042992011284,0.3250146358993516
traj1,11960,0.29163562072367927,0.3420896447151286
traj1,11980,0.28710856933573253,0.33822851497280987
traj1,12000,0.28579603896366795,0.33784422967164646
traj1,12020,0.28264717263401123,0.33891849625474607
traj1,12040,0.28215026068601884,0.32666456071186467
traj1,12060,0.2906804996229622,0.3300595702093077
traj1,12080,0.274405915735947,0.32065324274037854
traj1,12100,0.2940398947430076,0.3392348160105165
traj1,12120,0.28141687886261446,0.3385698315359709
traj1,12140,0.2821012776696742,0.3319912814408865
traj1,12160,0.2735940612283899,0.3271568224599779
traj1,12180,0.268109629655974,0.3175808168395102
traj1,12200,0.28347348555308166,0.32488147709142073
traj1,12220,0.2940282335196203,0.3389013736451359
traj1,12240,0.2737708870925231,0.325183364981171
traj1,12260,0.2868821586713227,0.33146748642313734
traj1,12280,0.290283562912953,0.33383645756779917
traj1,12300,0.2830192101754246,0.33491712526205514
traj1,12320,0.3018230901270468,0.34400653675036497
traj1,12340,0.29023615413102033,0.3380631567080407
traj1,12360,0.27605115503076627,0.3234080824614334
traj1,12380,0.30194346821634627,0.3425199533644267
traj1,12400,0.2921143159098023,0.3410583471274081
traj1,12420,0.2820192978192499,0.33000197901188216
traj1,12440,0.28881080472731013,0.3332520272817395
traj1,12460,0.2854988670033091,0.32855411937958867
traj1,12480,0.28528425548751024,0.34205236734145206
traj1,12500,0.28324031339803596,0.3305541359520502
traj1,12520,0.2952841710756141,0.3410279453684852
traj1,12540,0.27941700079049686,0.328298405436593
traj1,12560,0.2846350489153061,0.3348639515190554
traj1,12580,0.289894583191036,0.3315907094622718
traj1,12600,0.2807845985836428,0.3275231149336437
traj1,12620,0.289061349867502,0.3322590796321651
traj1,12640,0.28953600020741,0.3392015157561072
traj1,12660,0.2858723851014067,0.3360320597914138
traj1,12680,0.2750711083324823,0.3336453110520593
traj1,12700,0.28916640542715927,0.34516386888974954
traj1,12720,0.29245744687667447,0.34211412426867926
traj1,12740,0.28304806391151893,0.32980571357320887
traj1,12760,0.2885009605753309,0.33745939850469825
traj1,12780,0.2815218252370173,0.3287871863016315
traj1,12800,0.28928050341915507,0.33716187493032773
traj1,12820,0.2838031401419134,0.3242158012294143
traj1,12840,0.2838950235701,0.3391366378733552
traj1,12860,0.2898612391621467,0.3346944904969726
traj1,12880,0.2963741034308387,0.348040407194311
traj1,12900,0.28756641750984924,0.3297759118829557
traj1,12920,0.28976576039236673,0.3493237046686536
traj1,12940,0.28400197361108503,0.34235263934173105
traj1,12960,0.3017924840181882,0.3523779803087525
traj1,12980,0.28926836347310225,0.3365024912765056
traj1,13000,0.28930569865387445,0.33480265490629035
traj1,13020,0.3126852235817445,0.3559702794010729
traj1,13040,0.28754546004664067,0.3365003190678678
traj1,13060,0.29074029278912006,0.3407920944731164
traj1,13080,0.30550281533850143,0.3510939225420742
traj1,13100,0.2987947058137767,0.34982801490022547
traj1,13120,0.283765851960249,0.3326713580736169
traj1,13140,0.29065803339978374,0.32711573880479844
traj1,13160,0.28214551425322476,0.33019800717376346
traj1,13180,0.2769830170292662,0.33084610010323784
traj1,13200,0.2923609361782423,0.33390221823234223
traj1,13220,0.2860877811863975,0.3415174639802731
traj1,13240,0.27865491708149076,0.32610110114507795
traj1,13260,0.2995989415567422,0.34344665955381665
traj1,13280,0.28092858273571336,0.3173789297574331
traj1,13300,0.28611083736493204,0.3306989068547104
traj1,13320,0.2820693721180987,0.3331022338514312
traj1,13340,0.27795448339799195,0.3257962481649339
traj1,13360,0.29031539804136947,0.3362071206579647
traj1,13380,0.28346486028728074,0.3336010762330748
traj1,13400,0.29370237758122547,0.3354963669275964
traj1,13420,0.2913563029186477,0.3362812644529917
traj1,13440,0.28700466968042704,0.33479728577515533
traj1,13460,0.28707159614020844,0.3343704695904589
traj1,13480,0.28489096826810534,0.3312418075539037
traj1,13500,0.282581989525836,0.333128715728218
traj1,13520,0.2843508020235726,0.334334886343095
traj1,13540,0.28844157675199134,0.33654420966568166
traj1,13560,0.2876259415517234,0.33122423068588036
traj1,13580,0.2806930015569883,0.3381749925074256
traj1,13600,0.2883125711573157,0.3429768223758746
traj1,13620,0.298433171381492,0.34140807798870715
traj1,13640,0.29234963373998496,0.33641539816151544
traj1,13660,0.2947015021278601,0.33700744371296476
traj1,13680,0.30892431044980706,0.347448479738824
traj1,13700,0.29633857381170875,0.34553824687599594
traj1,13720,0.29162739456198267,0.33689786885829426
traj1,13740,0.2770884936279913,0.3295336884644566
traj1,13760,0.2948999526293598,0.3389498830065886
traj1,13780,0.2875336476527794,0.3326702196075868
traj1,13800,0.2951060502892947,0.34620116653194855
traj1,13820,0.2884692242622952,0.3359941443103351
traj1,13840,0.2846438413026675,0.3372745203936129
traj1,13860,0.29244146091221546,0.35427451971309637
traj1,13880,0.28509041963862936,0.3335580367716199
traj1,13900,0.2815623522288152,0.3391821209519942
traj1,13920,0.28257108198468156,0.3300899637031948
traj1,13940,0.2920513541578137,0.3422107100779556
traj1,13960,0.2716225863429262,0.32678684245424117
traj1,13980,0.29528111885862457,0.3455635308751274
traj1,14000,0.29191974504821494,0.343266881538775
traj1,14020,0.2832285272313723,0.335738702557737
traj1,14040,0.2866297362844777,0.33490580936393716
traj1,14060,0.28495240342220496,0.33647106389083464
traj1,14080,0.28311952369395493,0.32838889078403244
traj1,14100,0.29442559080280906,0.3397940442242073
traj1,14120,0.3006190254935164,0.3587215305073278
traj1,14140,0.27708950744832556,0.3270660687319324
traj1,14160,0.2914583744327234,0.3400114983733818
traj1,14180,0.27767696903881967,0.34157143429540227
traj1,14200,0.29152619596498974,0.33807132599843787
traj1,14220,0.2921182412378632,0.32853045763832317
traj1,14240,0.2908310093697623,0.33689637428583546
traj1,14260,0.284004934656629,0.332156478101708
traj1,14280,0.2888493081597667,0.3282742139771445
traj1,14300,0.29708006130221637,0.3402165316594087
traj1,14320,0.29984897194882937,0.33734226681117185
traj1,14340,0.27808645706808094,0.32036737333204185
traj1,14360,0.2826170749364402,0.33216099267045573
traj1,14380,0.2933865946858156,0.34586251645103455
traj1,14400,0.2956857120500432,0.345823307200824
traj1,14420,0.2928331566948749,0.333748797433938
traj1,14440,0.2844607165576326,0.3367859370223733
traj1,14460,0.2927004259325347,0.3427166230272806
traj1,14480,0.2961162845899869,0.3460319361505833
traj1,14500,0.28899286855693523,0.33740934494672775
traj1,14520,0.295082204427305,0.3345602023801249
traj1,14540,0.29150999244911757,0.3399659505240999
traj1,14560,0.27731263976598003,0.32872080783936336
traj1,14580,0.2792161371621147,0.3316832115483249
traj1,14600,0.28944763195628814,0.34106015945910206
traj1,14620,0.28245015851341887,0.3369903225727723
traj1,14640,0.2857356059033823,0.3323501778240619
traj1,14660,0.29235905885697,0.3337573402590209
traj1,14680,0.2985807682522914,0.34110333413945726
traj1,14700,0.2981302109361564,0.33903818553352355
traj1,14720,0.2873781884329829,0.3380309966931034
traj1,14740,0.28724889139584514,0.3399042927526716
traj1,14760,0.2825460805765927,0.336491926529913
traj1,14780,0.3035941599851009,0.35336576723775126
traj1,14800,0.28961656550137066,0.3286144182325852
traj1,14820,0.2937470394043895,0.33902526743400313
traj1,14840,0.30232810751765926,0.34366627487681356
traj1,14860,0.28082987448959207,0.33508803205370263
traj1,14880,0.2977935973283237,0.33779983959290644
traj1,14900,0.303753342107513,0.34480497862224846
traj1,14920,0.29363608876181546,0.3373227966068676
traj1,14940,0.2921825776072191,0.3379677088896129
traj1,14960,0.2881651502117197,0.3273338711598515
traj1,14980,0.2966072456245498,0.3483689461408959
traj1,15000,0.2844866807897677,0.330528952947691
traj1,15020,0.29423802646031766,0.3414243167567901
traj1,15040,0.28582185870348437,0.3345820647665301
traj1,15060,0.29061484889926625,0.3300506804057558
traj1,15080,0.27526970730445866,0.3224211689298084
traj1,15100,0.28554569908356076,0.34287966526677915
traj1,15120,0.28193014342201406,0.33367217250164105
traj1,15140,0.2852959502154381,0.3344144724998156
traj1,15160,0.29236624760650853,0.34256764552532054
traj1,15180,0.2905922665779193,0.34732642707920336
traj1,15200,0.29106436948248504,0.34481465934899763
traj1,15220,0.29016401307139394,0.33031014293515826
traj1,15240,0.2872944771438306,0.33692725247514993
traj1,15260,0.2933276866020004,0.3410830953061875
traj1,15280,0.2820968156423075,0.336059597418888
traj1,15300,0.2806966325336806,0.3319736947906927
traj1,15320,0.28231522802321457,0.33078357428463895
traj1,15340,0.29304349396807483,0.3388813077523818
traj1,15360,0.28221238998721154,0.327202655155019
traj1,15380,0.28560186729925285,0.33362006375686437
traj1,15400,0.30043248872752937,0.3495189398497202
traj1,15420,0.2756488946198106,0.31739905851155603
traj1,15440,0.28770603926448207,0.3447757399127142
traj1,15460,0.28731857172483044,0.3310081160348364
traj1,15480,0.2742218770263356,0.32760138615274886
traj1,15500,0.2803004092803688,0.32768288924776523
traj1,15520,0.2771641647728737,0.33499512120111274
traj1,15540,0.28859058712430896,0.34136069942557823
traj1,15560,0.2892127837757758,0.3363334444104638
traj1,15580,0.29549485222551486,0.34441712386166173
traj1,15600,0.2856318328143666,0.33503556505962856
traj1,15620,0.29667023864343245,0.34113985806769087
traj1,15640,0.27905908704713106,0.32312067649307324
traj1,15660,0.28961847355802584,0.3362581279122852
traj1,15680,0.27941898340189153,0.33466398016700627
traj1,15700,0.3015455399699315,0.34332590646767513
traj1,15720,0.2843681994138293,0.33121945519495477
traj1,15740,0.283465804442093,0.3357431219270494
traj1,15760,0.2759265050796023,0.3217764593085586
traj1,15780,0.2801206335724911,0.3354869566913105
traj1,15800,0.28558727897221864,0.32913923487867464
traj1,15820,0.277286071044284,0.32383099218117517
traj1,15840,0.2894378332216826,0.3381214754440929
traj1,15860,0.2827907336244045,0.3390934356369175
traj1,15880,0.2938884284399631,0.3428052347342786
traj1,15900,0.27992159663342187,0.3312574587347596
traj1,15920,0.27652339267766846,0.3297764005289168
traj1,15940,0.2824273973054891,0.3287206162170316
traj1,15960,0.29268637843236484,0.3364836098344211
traj1,15980,0.2871369918671789,0.3335443034052039
traj1,16000,0.2887995164804584,0.3297200555850384
traj1,16020,0.2823560008385002,0.3264202555516486
traj1,16040,0.29792542794255955,0.3433137098655351
traj1,16060,0.2847484794925943,0.34626591628354036
traj1,16080,0.28387943042655955,0.33537737905602205
traj1,16100,0.2899464105965834,0.34757949516883657
traj1,16120,0.28752697703646696,0.3411815135594374
traj1,16140,0.28562532765124116,0.3403939182798853
traj1,16160,0.2919895296772487,0.3417385254962514
traj1,16180,0.29713117029599184,0.34033687547670227
traj1,16200,0.2896751219103579,0.33413809347906664
traj1,16220,0.2827996451021003,0.3386896415145277
traj1,16240,0.29687730828932696,0.3422770769435929
traj1,16260,0.2917126525493823,0.3296277341372907
traj1,16280,0.2770447162865268,0.3303098714928387
traj1,16300,0.28627389746643234,0.33731860308236006
traj1,16320,0.28337467148806716,0.3387310421520256
traj1,16340,0.28465646276863865,0.3338537268594146
traj1,16360,0.2883803375413657,0.33701541997318646
traj1,16380,0.27735697730608344,0.3229097027274127
traj1,16400,0.29314900715305986,0.33831705360039394
traj1,16420,0.2785541860119842,0.3231611300977385
traj1,16440,0.27953814004519983,0.32338174690940846
traj1,16460,0.29097786828819955,0.3324074131340173
traj1,16480,0.28945790482969436,0.3409783136750597
traj1,16500,0.27846700584987083,0.3262940443018655
traj1,16520,0.28384297696271393,0.335668706546093
traj1,16540,0.28956144347848944,0.34274436351693616
traj1,16560,0.29110615752259145,0.3497035357811637
traj1,16580,0.2907417481466178,0.34066194259359217
traj1,16600,0.28135113860420113,0.32840742926145866
traj1,16620,0.27499363620678957,0.3149059420428666
traj1,16640,0.28992062977705346,0.33443294338174834
traj1,16660,0.2828343361444638,0.3249284682638639
traj1,16680,0.2867014070969819,0.3399864856662256
traj1,16700,0.2813825191784703,0.3369825362406377
traj1,16720,0.284844796576036,0.33784694558236683
traj1,16740,0.2877498090731188,0.3405933570603907
traj1,16760,0.28296471104366455,0.3326220827867917
traj1,16780,0.27822190583172485,0.3210958984465838
traj1,16800,0.2946304416876384,0.34728233788568436
traj1,16820,0.27917335123546966,0.3229041042509652
traj1,16840,0.28550081015920215,0.3407014552470866
traj1,16860,0.2843602573477702,0.33755370359780557
traj1,16880,0.2879981177593636,0.3447699312059481
traj1,16900,0.29998480194830546,0.34172769732399555
traj1,16920,0.27638436733340954,0.3271531138328275
traj1,16940,0.2896968158598655,0.3285548059537645
traj1,16960,0.29129557625997055,0.34352403711301976
traj1,16980,0.2971087228987127,0.3510310031146115
traj1,17000,0.2776376581957198,0.3262868532681409
traj1,17020,0.27906305514009566,0.3320179186075042
traj1,17040,0.2798684038544463,0.32659458058000546
traj1,17060,0.29142910019530416,0.33343259234086275
traj1,17080,0.2786397326006283,0.32439773476232353
traj1,17100,0.28865024257596456,0.33290527988733537
traj1,17120,0.28792620601764934,0.32557687752583536
traj1,17140,0.272815261224548,0.3214923433485959
traj1,17160,0.2780733792715169,0.3278999842330646
traj1,17180,0.2848576835552673,0.33616849893191214
traj1,17200,0.289995893850029,0.33692719789218545
traj1,17220,0.28908552502569035,0.33948581951686
traj1,17240,0.2891253534584094,0.32954580108319226
traj1,17260,0.27533350926806055,0.33351038838856045
traj1,17280,0.2680634862651696,0.3185378489171475
traj1,17300,0.29492343719303776,0.3323793397284514
traj1,17320,0.28271003334616984,0.33033572886551105
traj1,17340,0.2864723855801429,0.3330866557105935
traj1,17360,0.2797587623987597,0.3264436625702044
traj1,17380,0.2904698902813105,0.33579312336586425
traj1,17400,0.2822410283462887,0.3296670681135216
traj1,17420,0.2866441790650189,0.32582739579001635
traj1,17440,0.2907545931890805,0.328740797167391
traj1,17460,0.29502408342090725,0.341134874456563
traj1,17480,0.2898066140413925,0.3350681843185163
traj1,17500,0.30294207853663585,0.34811991497718137
traj1,17520,0.2811598974021718,0.33695182477622254
traj1,17540,0.29528475438791085,0.345874684405052
traj1,17560,0.2763757388549004,0.3246799324453884
traj1,17580,0.282130593874957,0.3266489713083404
traj1,17600,0.2848504999262145,0.3326357947036633
traj1,17620,0.2935794198462439,0.34623050617233714
traj1,17640,0.2891333063872486,0.33361619614928445
traj1,17660,0.2875494389512841,0.34116324665390296
traj1,17680,0.28715596199011345,0.3421920887374081
traj1,17700,0.2896659928262929,0.332973913703743
traj1,17720,0.28879070233552234,0.33837861370119077
traj1,17740,0.29116071235410595,0.33863551138857967
traj1,17760,0.28234927470255794,0.3340289569903266
traj1,17780,0.28312255116739227,0.3288442824304964
traj1,17800,0.2886049947380549,0.3354678174925002
traj1,17820,0.2801235196597484,0.32702590995211883
traj1,17840,0.2981852738453804,0.3447665102176695
traj1,17860,0.2870260237824614,0.34080413405058896
traj1,17880,0.28594452141819987,0.3361122388075811
traj1,17900,0.2860445114022582,0.3390672131755429
traj1,17920,0.28443894674369324,0.33608250263180117
traj1,17940,0.28188528993532586,0.3290608042192066
traj1,17960,0.28120364124435276,0.33290417975637937
traj1,17980,0.2926402157030751,0.33648787063319985
traj1,18000,0.2910601505458556,0.3376343937897114
traj1,18020,0.2866598786140151,0.3338014155155346
traj1,18040,0.28978127575081836,0.33354234644953057
traj1,18060,0.2936656262535671,0.33522934863881454
traj1,18080,0.29251445733289066,0.3373048909975201
traj1,18100,0.28088383293019326,0.32316154822183557
traj1,18120,0.28736035884544425,0.3294314319335209
traj1,18140,0.28567887949904114,0.3383198147691638
traj1,18160,0.29974140763631263,0.34635183241149625
traj1,18180,0.2845505950097025,0.32986442093161356
traj1,18200,0.28815942279752277,0.34384517970494605
traj1,18220,0.30229584604046755,0.34441951784518576
traj1,18240,0.2922878783936776,0.3382082199131676
traj1,18260,0.2945142768099909,0.3375690408133112
traj1,18280,0.28716054954148973,0.3315279695665166
traj1,18300,0.27504878701924035,0.3287653009250196
traj1,18320,0.27639009222865024,0.3327130051841428
traj1,18340,0.29516244677155495,0.3380523925503287
traj1,18360,0.28547243015203577,0.3356320543809082
traj1,18380,0.2772615544379981,0.32384698420274227
traj1,18400,0.2801313862040651,0.3294772977308849
traj1,18420,0.28960035932625305,0.3379420971100802
traj1,18440,0.28190992422075417,0.3323953038113437
traj1,18460,0.2954087714742247,0.34318167877909284
traj1,18480,0.2898571063664573,0.3357251506448827
traj1,18500,0.2903152980302275,0.33561642095412586
traj1,18520,0.2825339632714699,0.3298710874983976
traj1,18540,0.2860996298664755,0.33408397553140823
traj1,18560,0.28014431190613404,0.3325529163081169
traj1,18580,0.2852618169345464,0.3321180669794674
traj1,18600,0.2887906524863626,0.3265923855736384
traj1,18620,0.2991456516216212,0.3469454801343419
traj1,18640,0.2961793171391889,0.3420317431239405
traj1,18660,0.2916796021362595,0.34016001557776676
traj1,18680,0.28831989521021734,0.3429998412912978
traj1,18700,0.28972118730100743,0.3437657621838966
traj1,18720,0.2840581901004203,0.3398090235994219
traj1,18740,0.2762378889426992,0.3319758896663855
traj1,18760,0.29628652858070925,0.3337535387757601
traj1,18780,0.28998778945822673,0.32558300350799996
traj1,18800,0.2987355943999579,0.344898310325096
traj1,18820,0.29144512747213613,0.3297760719018552
traj1,18840,0.2927671916163072,0.3348858604938007
traj1,18860,0.2773666477728833,0.32742531820109827
traj1,18880,0.28868709314185237,0.337345946958473
traj1,18900,0.29153080682675264,0.33851569485013155
traj1,18920,0.28419075580221503,0.33494925509423945
traj1,18940,0.2785635842359313,0.32752141738353907
traj1,18960,0.28750729735560887,0.3368306369144478
traj1,18980,0.29624538603515527,0.3368027622663382
traj1,19000,0.29014620136301267,0.33270611609806955
traj1,19020,0.292129702117256,0.33962011868762404
traj1,19040,0.29030199312930893,0.3393106392678838
traj1,19060,0.2818790123952999,0.3355442860236517
traj1,19080,0.2952464452772059,0.33761489183871884
traj1,19100,0.29181888938095313,0.33458344659831857
traj1,19120,0.2982758324311428,0.3451832614749909
traj1,19140,0.2877476292444573,0.33217354813908406
traj1,19160,0.28348498814854095,0.33347006421335323
traj1,19180,0.290413223667965,0.34414867444618663
traj1,19200,0.29058957496094867,0.33221824305445635
traj1,19220,0.2792617885585783,0.3385096859395548
traj1,19240,0.2906956753451694,0.33091692455640803
traj1,19260,0.287765958622416,0.33593140319767534
traj1,19280,0.28673054181397334,0.34124068785391476
traj1,19300,0.2806264105691433,0.33002726848439934
traj1,19320,0.2988848737359624,0.34716280663284704
traj1,19340,0.2836622719278753,0.33179812975085743
traj1,19360,0.29648614405378415,0.3341275886202049
traj1,19380,0.29289866916008445,0.3434809031246469
traj1,19400,0.2874383399253267,0.33355998461097763
traj1,19420,0.28506613878105047,0.33596339118008334
traj1,19440,0.2837468392703068,0.33059584289501714
traj1,19460,0.2842996814586799,0.32834763676056367
traj1,19480,0.28146677321190494,0.32687259714066924
traj1,19500,0.28394079689491264,0.32544077074324596
traj1,19520,0.29461001096406964,0.3354542601319602
traj1,19540,0.29335532134585357,0.3329027964493337
traj1,19560,0.29800450587803773,0.34892542949546596
traj1,19580,0.28916414056847617,0.3304356215553436
traj1,19600,0.2898243136816518,0.3339259225261781
traj1,19620,0.28976231114876405,0.34386512367204414
traj1,19640,0.29281608818745936,0.3344040690658333
traj1,19660,0.28820931246639303,0.3268556901445406
traj1,19680,0.2903776103179767,0.33529910061831836
traj1,19700,0.28258945681278963,0.332709200910405
traj1,19720,0.29002650245205414,0.32863384349286934
traj1,19740,0.28986763625507195,0.334575648029473
traj1,19760,0.2938263596669889,0.3354602626013281
traj1,19780,0.2892735828947671,0.3364753167354791
traj1,19800,0.28567565662928923,0.33362984900149095
traj1,19820,0.2940460607364255,0.33537934785313656
traj1,19840,0.2893608410586436,0.3373481201134908
traj1,19860,0.2967648050409088,0.3398456066575475
traj1,19880,0.28507818442272836,0.33495060315563013
traj1,19900,0.27583914535690485,0.3224586575741478
traj1,19920,0.28401153169678994,0.33372413645144744
traj1,19940,0.29094127058300934,0.33574856552422444
traj1,19960,0.3039127173005673,0.34673845335442843
traj1,19980,0.28192877997113996,0.32689484397541047
traj2,0,0.0,0.0
traj2,100,1.7209768411202508,1.7349155664758777
traj2,200,1.6454308119577001,1.6624995140735368
traj2,300,2.2344864867730894,2.2458831791340264
traj2,400,1.965494161098383,1.984085199402178
traj2,500,2.2716112804794393,2.2881843265376958
traj2,600,2.037806102403578,2.0528732242007397
traj2,700,2.0787255114600116,2.085934917383266
traj2,800,1.8968021771370192,1.924273990843938
traj2,900,2.316028316982111,2.3242128505452317
traj2,1000,2.3566394153224377,2.369873119373292
traj2,1100,2.099141452789215,2.1290714597480136
traj2,1200,2.1356938954775204,2.1611727596038643
traj2,1300,2.199966618407726,2.2072243114806493
traj2,1400,2.6707894154754728,2.684268643040642
traj2,1500,2.478492255824648,2.4919217550986743
traj2,1600,2.476491317739364,2.4976185777368616
traj2,1700,2.4962114972482983,2.5199452878060304
traj2,1800,2.6922212202919527,2.7167824438157266
traj2,1900,2.5066470333825475,2.522927992694298
traj2,2000,2.554627279422748,2.564536813952108
traj2,2100,2.507216062921382,2.5338609741965215
traj2,2200,2.9090629083454935,2.9331769688791263
traj2,2300,3.298843128322352,3.320481806823255
traj2,2400,3.043321681030241,3.0874521728837703
traj2,2500,3.412864240995776,3.451165604072853
traj2,2600,3.725764577625216,3.7556317581120053
traj2,2700,3.7055993930334137,3.718624367070746
traj2,2800,4.3502347956860286,4.358324029231461
traj2,2900,4.449004477743974,4.4596110732291105
traj2,3000,5.293860242977779,5.30966454130373
traj2,3100,5.498895675296137,5.510865847880849
traj2,3200,5.884506334307338,5.892911521629558
traj2,3300,6.137528298802495,6.137206076325514
traj2,3400,6.287822923145347,6.280996352979954
traj2,3500,6.001592748988033,6.001110099414438
traj2,3600,5.881198840812415,5.891287066730286
traj2,3700,5.928419635450574,5.93325035176516
traj2,3800,6.03984014462512,6.044840288508478
traj2,3900,6.158227373491996,6.149453331059376
traj2,4000,6.556613716557854,6.545101415225874
traj2,4100,6.453398494342246,6.440109763689208
traj2,4200,6.776421184608095,6.766617268334458
traj2,4300,7.226603715683472,7.2134487084016214
traj2,4400,7.093828656025476,7.0837630958786075
traj2,4500,6.877998821700381,6.892386428554542
traj2,4600,6.4467624615971735,6.474382565079462
traj2,4700,6.6884216342146265,6.693705569558786
traj2,4800,6.878149402272902,6.895803530989955
traj2,4900,6.803193747774795,6.807711649670581
traj2,5000,6.788171118641485,6.788782970514145
traj2,5100,6.941530900144841,6.941242813954501
traj2,5200,6.831431197449791,6.846037231072098
traj2,5300,6.986110960124877,7.0070997245184055
traj2,5400,6.897611023840059,6.926731851068321
traj2,5500,6.926518900266863,6.938785480103427
traj2,5600,6.441613208828376,6.4612730524425945
traj2,5700,6.8179782416977615,6.8228322412188
traj2,5800,6.824455589683318,6.83003824623311
traj2,5900,6.7083543173271485,6.719236666248478
traj2,6000,7.096545189486806,7.1034580455445235
traj2,6100,6.771010304463814,6.791655213108428
traj2,6200,6.937599589085529,6.946951202230646
traj2,6300,7.008945337524937,7.0261404873199105
traj2,6400,7.1283802185574325,7.137015495149865
traj2,6500,7.3324257061639075,7.3408595176358515
traj2,6600,7.025263372236282,7.026442680051766
traj2,6700,6.58973196116984,6.612468310889401
traj2,6800,6.978337470116755,6.986994920708246
traj2,6900,7.0722999415788035,7.0803281286583655
traj2,7000,7.026126701748445,7.038350682075368
traj2,7100,6.810342163665082,6.826654154872173
traj2,7200,6.981581715166656,6.990939054566594
traj2,7300,6.981170086181255,6.9940548644152605
traj2,7400,7.13856811013625,7.144559042943892
traj2,7500,7.19340625253402,7.213498794043677
traj2,7600,7.097310125525094,7.102592218692395
traj2,7700,7.158908599628282,7.1706987477580615
traj2,7800,7.020214336905738,7.028778491582202
traj2,7900,6.860448238329674,6.866844817703407
traj2,8000,7.10921549314946,7.113945418644855
traj2,8100,6.974954732013844,6.988598071317806
traj2,8200,6.724216034611208,6.729621300087868
traj2,8300,7.016090239068704,7.027531782617701
traj2,8400,6.736484457099617,6.754219757775946
traj2,8500,6.861047020082166,6.875891617591357
traj2,8600,6.909431077449385,6.9218277868598586
traj2,8700,6.809343378243748,6.826030620952012
traj2,8800,6.315054950552084,6.326726294354901
traj2,8900,6.829855711589646,6.833567960789714
traj2,9000,6.727725381072364,6.727435989305646
traj2,9100,5.947299997740375,5.951370036459915
traj2,9200,6.011846441039449,6.022745459721119
traj2,9300,6.206660095832856,6.208535984739111
traj2,9400,6.385403160325317,6.38546752885083
traj2,9500,6.913746374236984,6.9207202521291915
traj2,9600,7.073063061127888,7.072733729546284
traj2,9700,7.000239896030338,7.007236624866648
traj2,9800,7.036672520652738,7.0316508867536935
traj2,9900,6.511787407180838,6.524970091910618
traj2,10000,6.863841934948376,6.865398317721828
traj2,10100,6.56396528927682,6.569140308123698
traj2,10200,7.087310600288641,7.100609933279597
traj2,10300,6.387082057756178,6.394524391226886
traj2,10400,6.642431733613869,6.646234440836124
traj2,10500,6.7610801964403615,6.761321497999007
traj2,10600,6.753805621317341,6.75856410357027
traj2,10700,6.724968450572131,6.721906844259306
traj2,10800,7.239910121168248,7.256520594773704
traj2,10900,7.133749217185002,7.14517320741625
traj2,11000,6.853642262095021,6.870344754622289
traj2,11100,6.871703120925627,6.8816970704243605
traj2,11200,6.906314637482886,6.927617685866613
traj2,11300,6.7912517921810345,6.80232723440808
traj2,11400,6.687754663056761,6.690778730890935
traj2,11500,6.573910472476388,6.57966256692344
traj2,11600,6.53876657228021,6.557637774299211
traj2,11700,6.558063940213089,6.5662342960920235
traj2,11800,6.825477717110817,6.839104125986585
traj2,11900,6.829696808754852,6.844672345169227
traj2,12000,6.745128535087971,6.76488439716729
traj2,12100,6.762653325909519,6.777272957202124
traj2,12200,6.420390320991858,6.4451209186728065
traj2,12300,6.730207659077369,6.745456607750597
traj2,12400,6.311270624644138,6.328661948801526
traj2,12500,6.2941429437809555,6.314485595558948
traj2,12600,6.153104607699279,6.179500978144761
traj2,12700,6.397579547869258,6.4218362671142994
traj2,12800,5.756873719214846,5.790045477511112
traj2,12900,6.2656477849092305,6.29519566012421
traj2,13000,5.939628362096099,5.978153428349975
traj2,13100,6.22278890997349,6.258227468307617
traj2,13200,6.186793933448476,6.220863014115402
traj2,13300,6.152159804533229,6.188788476542805
traj2,13400,6.197286816084149,6.233912357804868
traj2,13500,5.898359477352347,5.946984308323107
traj2,13600,6.301278628582296,6.344174059814475
traj2,13700,6.181626625765004,6.21680687908254
traj2,13800,6.3369781783836885,6.364859500975791
traj2,13900,6.263478576873101,6.291282948170128
traj2,14000,6.46158913492094,6.486525494787811
traj2,14100,6.32873865820336,6.3725218344961245
traj2,14200,6.757581816821465,6.768274944421968
traj2,14300,6.721661489001639,6.7445477960099165
traj2,14400,6.622563438522294,6.648321700117931
traj2,14500,6.351030963870591,6.3850230264706616
traj2,14600,6.100509478519951,6.138980471569887
traj2,14700,6.400580527701196,6.435102522974998
traj2,14800,6.2785078882771925,6.32303652019984
traj2,14900,6.433544901914055,6.4663081740121235
traj2,15000,6.326230254757382,6.354208184837141
traj2,15100,6.297645328998146,6.3209480416443204
traj2,15200,6.481630432380369,6.5063304813366925
traj2,15300,6.352008028494999,6.383370360714612
traj2,15400,6.7093488788135245,6.745085155360699
traj2,15500,6.404547826067726,6.439763315593954
traj2,15600,6.320994747612532,6.357406856561028
traj2,15700,5.903698549273696,5.929687419287848
traj2,15800,5.516963158479899,5.561753789985143
traj2,15900,6.301374249502024,6.343722334050363
traj2,16000,6.307230541358777,6.350922358138395
traj2,16100,6.159837525086777,6.2177118700820175
traj2,16200,6.419396601710007,6.4504334364608775
traj2,16300,6.32436651506136,6.350948176762323
traj2,16400,6.317428938732374,6.35778770027838
traj2,16500,6.065518645596683,6.098925674459758
traj2,16600,6.782277423187114,6.831912250879716
traj2,16700,6.232551940112023,6.257813622273573
traj2,16800,6.070606983711266,6.129215151280959
traj2,16900,6.39810397916061,6.443107626136298
traj2,17000,6.389614694384959,6.410270200990319
traj2,17100,6.415003481684083,6.456484515171127
traj2,17200,6.483412517832637,6.535133204982928
traj2,17300,6.323923157861908,6.38702615448975
traj2,17400,6.407056889058724,6.435864135584447
traj2,17500,6.055623160058015,6.087253892696089
traj2,17600,5.921111674689981,5.955516599808246
traj2,17700,5.997953395396711,6.018514984107335
traj2,17800,5.866061002913605,5.912762589343128
traj2,17900,5.893272110629011,5.940836214176346
traj2,18000,6.180412218115142,6.227597624536412
traj2,18100,6.005081874763926,6.072178248655099
traj2,18200,6.3084618787104025,6.359000850857188
traj2,18300,6.207135964397393,6.253433005987342
traj2,18400,5.86498050471553,5.920585893269568
traj2,18500,5.996085116793984,6.040071564988856
traj2,18600,5.7903642180547275,5.812205008869179
traj2,18700,5.771822410561795,5.807999136756338
traj2,18800,6.441850922156753,6.480120800695396
traj2,18900,6.4507521459668515,6.458754555591474
traj2,19000,6.700811523620726,6.7370381112177435
traj2,19100,6.002369675929918,6.041619240695618
traj2,19200,6.368081381015066,6.398467655955167
traj2,19300,6.43371143210923,6.45262681896725
traj2,19400,6.721230343207432,6.764901953953099
traj2,19500,6.905263171514145,6.938128602206597
traj2,19600,6.546184649862871,6.580510619960625
traj2,19700,6.292318609197504,6.339180785924345
traj2,19800,6.723275979881008,6.776957827998014
traj2,19900,6.7236662276818935,6.758851944682624
traj2,20000,6.2927042427743025,6.340386424693334
traj2,20100,6.855467377165524,6.892104557852671
traj2,20200,6.212984357845975,6.270545910634192
traj2,20300,6.146345904176408,6.201215147781335
traj2,20400,6.244027419473456,6.304856723304252
traj2,20500,6.765223404179657,6.81109868342029
traj2,20600,6.5079276951040335,6.562290523647025
traj2,20700,6.362778431471995,6.423536847969264
traj2,20800,6.621497314648289,6.6641283486955025
traj2,20900,6.918964041125302,6.966560583908936
traj2,21000,6.370118542914859,6.412215081448684
traj2,21100,6.323262664950985,6.370313645961616
traj2,21200,6.460996626258715,6.516382153760401
traj2,21300,6.442358328190917,6.496454264747086
traj2,21400,6.656454451582602,6.67549533800154
traj2,21500,6.599223449345156,6.634439306384062
traj2,21600,6.563795293705868,6.596867265656095
traj2,21700,6.5439628755960415,6.577733509371859
traj2,21800,6.505265999417207,6.54985441398526
traj2,21900,6.9486453131434445,6.99528090388314
traj2,22000,6.613978615780156,6.654386898401028
traj2,22100,6.8081938577237455,6.82646681780354
traj2,22200,6.764537458821945,6.8048317137046785
traj2,22300,6.398354969442621,6.445435322552599
traj2,22400,6.385233439511741,6.445064886383237
traj2,22500,6.853625225048293,6.903026156855893
traj2,22600,6.476572618442213,6.5291279410201986
traj2,22700,6.359565862820176,6.410740250151812
traj2,22800,6.508846249164105,6.553720399474829
traj2,22900,6.604117325236085,6.653251390833407
traj2,23000,6.839461155423366,6.874481807077025
traj2,23100,6.8828863043581245,6.900049303691591
traj2,23200,6.92665797137498,6.949992532921766
traj2,23300,6.96842944143332,7.0010004572908136
traj2,23400,6.697391399923926,6.735492520975599
traj2,23500,7.0146708035218985,7.058234445147791
traj2,23600,6.990970409952269,7.007469796249571
traj2,23700,6.6815138431357335,6.718075135022243
traj2,23800,6.854218440050267,6.90160663950598
traj2,23900,6.899607741994991,6.947060081211064
traj2,24000,6.631528811312731,6.675295169521503
traj2,24100,6.715141550733476,6.763901396962886
traj2,24200,6.3680325969979155,6.444614109597508
traj2,24300,6.136398808723363,6.202204469077284
traj2,24400,6.128164966565514,6.186920071450433
traj2,24500,6.327455730658264,6.380850720137731
traj2,24600,6.281965251721376,6.3503121527659845
traj2,24700,6.17318661787368,6.251942694609111
traj2,24800,6.004679728669066,6.076551817358939
traj2,24900,6.507950505202577,6.5686453248042
traj2,25000,6.309413094996226,6.368592624196695
traj2,25100,5.958793577552185,6.0169742963569774
traj2,25200,5.848563509556707,5.911288916537716
traj2,25300,6.06032124944885,6.112687293612695
traj2,25400,5.750715757889457,5.811497382071319
traj2,25500,5.862374903894682,5.931153732129706
traj2,25600,5.793943276182584,5.843653262637754
traj2,25700,6.01207574451208,6.055441981971332
traj2,25800,6.069041002727051,6.134447410717236
traj2,25900,5.9696856622818135,6.046155057755526
traj2,26000,5.964655692132319,6.043498022902532
traj2,26100,5.764434769105613,5.813806301322529
traj2,26200,6.057437472987036,6.1137572855878615
traj2,26300,6.333282767328888,6.390149813792613
traj2,26400,5.977837521852984,6.035230298341596
traj2,26500,6.1650308243636776,6.230288047682964
traj2,26600,6.387772257943621,6.437633806569054
traj2,26700,6.19186047555871,6.26187930904412
traj2,26800,6.094033668123746,6.15246480258201
traj2,26900,6.679742263958188,6.7408142118910765
traj2,27000,6.8040543317622415,6.868163715887911
traj2,27100,7.021164521713471,7.061301150558438
traj2,27200,7.225476606990574,7.258832172338749
traj2,27300,7.447457928035617,7.49868001936984
traj2,27400,6.89202534538156,6.947518640336099
traj2,27500,6.913100122605411,6.954104256034052
traj2,27600,7.179342694748251,7.228076440629033
traj2,27700,7.107480269733063,7.123862426143376
traj2,27800,7.103623471005689,7.117579907316001
traj2,27900,6.422238908396713,6.440950785597271
traj2,28000,6.507776592914112,6.5554829389701466
traj2,28100,7.145417259940399,7.183970354371784
traj2,28200,7.228622273674003,7.2714495710812255
traj2,28300,7.1898311779174,7.227843996790395
traj2,28400,6.814734168585515,6.851678047005533
traj2,28500,7.041101386457089,7.080049781080627
traj2,28600,6.654548049868827,6.687890445254702
traj2,28700,7.102533794949843,7.146366242774487
traj2,28800,6.955127075649516,6.99390564087855
traj2,28900,7.246859534675627,7.292686615950977
traj2,29000,6.931546372917639,6.96810639169992
traj2,29100,6.448264081890119,6.4945620487549105
traj2,29200,6.8090210677301135,6.847139354897546
traj2,29300,6.984230046837057,7.025264207114136
traj2,29400,7.018649292379116,7.06801098811484
traj2,29500,6.577379020589966,6.622306511142703
traj2,29600,7.01036854974888,7.061038016950967
traj2,29700,6.899822759317786,6.939836063723065
traj2,29800,6.865729006154159,6.89957547662184
traj2,29900,6.5803892820682774,6.632980391454558
traj2,30000,6.50534285958837,6.552765659231238
traj2,30100,6.6558087615210075,6.700137301913556
traj2,30200,6.881708857780488,6.926961701709773
traj2,30300,6.893860968164257,6.950107786023969
traj2,30400,6.710163808871589,6.757393245060213
traj2,30500,7.003769991105868,7.0562956283924105
traj2,30600,6.7297006924445295,6.780609321061327
traj2,30700,6.645507001975756,6.677782498578949
traj2,30800,7.160773106107968,7.192977355435953
traj2,30900,6.888241024259505,6.948405824174289
traj2,31000,7.151436102161772,7.192235292913648
traj2,31100,6.7977473748772645,6.868092231935719
traj2,31200,6.864969252133992,6.926000472468901
traj2,31300,6.79049571629327,6.835361152501491
traj2,31400,6.51944685847361,6.570085738066573
traj2,31500,6.653899644948554,6.718114148429472
traj2,31600,6.69158187412146,6.745162264671242
traj2,31700,6.9866635551785565,7.03491820246164
traj2,31800,6.860712487341123,6.918144399610864
traj2,31900,6.602908252819467,6.647799814599117
traj2,32000,6.542488046363936,6.623280356604667
traj2,32100,6.6255746856854305,6.670689051976384
traj2,32200,6.865879357739369,6.919048267369403
traj2,32300,6.754518072165753,6.820117638886614
traj2,32400,6.832467044082168,6.893788647807074
traj2,32500,6.80862894462084,6.834965544031834
traj2,32600,6.858949128269743,6.9084914905965595
traj2,32700,6.679738501787156,6.749622983158459
traj2,32800,6.5791376400002015,6.6747278043926865
traj2,32900,6.358442099030672,6.453174692544451
traj2,33000,6.351448042269352,6.465877116796289
traj2,33100,6.283925432326836,6.395678430309696
traj2,33200,6.469027266835153,6.565841859691492
traj2,33300,6.401698753718995,6.498473993098673
traj2,33400,6.243633798358541,6.322596227775051
traj2,33500,6.393159743541381,6.441886585954866
traj2,33600,6.307255474129215,6.359885452816384
traj2,33700,6.147214535976486,6.222728545946683
traj2,33800,6.339794000443163,6.3967314198301946
traj2,33900,6.4834770094562995,6.537274987506604
traj2,34000,6.660391179218032,6.720507803448982
traj2,34100,6.613272897271267,6.673744030619495
traj2,34200,7.023190096993915,7.046994958294687
traj2,34300,6.015384333465389,6.085767795121237
traj2,34400,6.316370885559157,6.403508079623185
traj2,34500,6.2010563668354495,6.283810194846827
traj2,34600,5.978613621736989,6.049679745283498
traj2,34700,6.446385547932795,6.511805719937365
traj2,34800,6.677479303865092,6.739991834830074
traj2,34900,6.228264431898747,6.295940144248684
traj2,35000,6.330765399603672,6.404384323879896
traj2,35100,6.329415058442652,6.39976105431434
traj2,35200,6.260207100581938,6.315880541470163
traj2,35300,5.927669895540548,5.974763852414099
traj2,35400,6.323361023382447,6.375042611706611
traj2,35500,6.617229469288781,6.691750909441535
traj2,35600,6.681182698529058,6.7668832227556965
traj2,35700,6.5030808158964595,6.5742186145618
traj2,35800,6.14707633390953,6.210607678778632
traj2,35900,5.970150402171651,6.035537837708782
traj2,36000,5.464443004801711,5.5344086461073925
traj2,36100,5.3785536506294696,5.476517165169853
traj2,36200,5.875786139172407,5.922921951989668
traj2,36300,6.1527067063506315,6.205085771541977
traj2,36400,6.086591499314065,6.1366003327284995
traj2,36500,6.147268638549305,6.2144662750712065
traj2,36600,5.418747623550517,5.489229933550516
traj2,36700,5.441303567196364,5.513596694681655
traj2,36800,5.766523325523994,5.836838030958197
traj2,36900,5.667629491700107,5.747157811700685
traj2,37000,6.1913054895450825,6.286722083508339
traj2,37100,6.038117955361816,6.090645108329257
traj2,37200,5.982312931806045,6.06308164480693
traj2,37300,5.652055344433623,5.708055191457373
traj2,37400,6.2834463518173305,6.328103936443778
traj2,37500,6.063486817297035,6.085159316667103
traj2,37600,5.711185096372222,5.763961946839475
traj2,37700,5.451370772196077,5.4926657719425975
traj2,37800,5.387677450839751,5.432294961750418
traj2,37900,5.347508225303409,5.403906568789987
traj2,38000,5.489472659878075,5.543850523294949
traj2,38100,5.6684982979031275,5.723266258439771
traj2,38200,6.107584063174465,6.164118964805366
traj2,38300,5.920651476760367,5.9657340671944326
traj2,38400,6.085844395690387,6.1312605407440905
traj2,38500,6.059062230292422,6.1216455097563145
traj2,38600,6.2667605169418055,6.31155801273952
traj2,38700,6.222965262952035,6.289354161037627
traj2,38800,6.351979295505383,6.396735604632945
traj2,38900,6.702730254825166,6.758945703707114
traj2,39000,6.770266839895869,6.785570583148617
traj2,39100,6.267371345036887,6.279388093616368
traj2,39200,6.564831828832276,6.58218536142421
traj2,39300,6.410263554646945,6.436864701094846
traj2,39400,6.258900966167379,6.289293216483971
traj2,39500,6.516276084621531,6.542768592619061
traj2,39600,6.220770189159563,6.26014323549752
traj2,39700,6.453905617470623,6.489005183538023
traj2,39800,6.627912670404521,6.6620008754494195
traj2,39900,6.695265209075952,6.741306017802376
traj2,40000,6.501506788210081,6.541749794846169
traj2,40100,6.507202588918825,6.56498656751985
traj2,40200,6.335877024791182,6.3762360695614335
traj2,40300,6.295012736859163,6.331981573768581
traj2,40400,6.436954652450229,6.486909775033566
traj2,40500,5.9990174353557935,6.035174353247531
traj2,40600,6.334456959840811,6.38138737537775
traj2,40700,6.439012617524559,6.483311835903217
traj2,40800,6.218596608615168,6.255851736776367
traj2,40900,5.9671546530943305,6.012192228607981
traj2,41000,6.502459838159976,6.540960261701343
traj2,41100,6.424003036576066,6.470514270060852
traj2,41200,6.184111222574237,6.232541956339814
traj2,41300,6.29068057570932,6.333993835917093
traj2,41400,5.889683967610504,5.951004648176163
traj2,41500,6.09706313551277,6.153582008427918
traj2,41600,6.068879652802585,6.123804696485254
traj2,41700,6.3557940485046585,6.406138070740794
traj2,41800,6.43975822489994,6.5075299245760165
traj2,41900,6.410578508298438,6.47084432660726
traj2,42000,6.2043084481815525,6.2526440698604295
traj2,42100,6.349304648092962,6.384170737873822
traj2,42200,6.139306337833297,6.196644114492136
traj2,42300,6.4757441561212294,6.492537462657169
traj2,42400,6.2336777527704585,6.293796970553411
traj2,42500,6.53380205643163,6.562277039958343
traj2,42600,6.452018628464726,6.493536880119672
traj2,42700,6.559279164228886,6.613993449865304
traj2,42800,6.381166560609837,6.424240932201786
traj2,42900,6.319594169226877,6.363679818341075
traj2,43000,6.209156424928139,6.271921252057821
traj2,43100,6.37205706537807,6.427250559150642
traj2,43200,6.565379116965292,6.60624653794061
traj2,43300,6.6612966705294685,6.708476793208675
traj2,43400,6.330364929035519,6.364904648331511
traj2,43500,6.429404339019302,6.463460627157695
traj2,43600,6.254366846872326,6.300024507248123
traj2,43700,6.452810095814917,6.496089299679986
traj2,43800,6.523814003332829,6.575942823826147
traj2,43900,6.442013242320353,6.496375217172633
traj2,44000,6.441202112418268,6.48553522968285
traj2,44100,6.514455939040858,6.579124111945145
traj2,44200,6.650984700938315,6.692531987535257
traj2,44300,6.537345619420769,6.576813962489417
traj2,44400,6.371203889734449,6.417500968918487
traj2,44500,6.396646679399219,6.436874825117369
traj2,44600,6.573032987782142,6.614436817193304
traj2,44700,6.40720135022102,6.459119647143868
traj2,44800,6.570908681157796,6.625215568617647
traj2,44900,7.623424798070487,7.699655475746808
traj2,45000,7.420565194132876,7.468057228013589
traj2,45100,8.290706407580057,8.370754397023589
traj2,45200,9.042740450804251,9.111474668217815
traj2,45300,10.181523064539062,10.248186572551187
traj2,45400,10.437852819339309,10.508803093371778
traj2,45500,11.161877319937298,11.219637455613343
traj2,45600,12.360308722815688,12.426867129352042
traj2,45700,12.603900820106217,12.66042511820901
traj2,45800,13.859937988396283,13.926322913777113
traj2,45900,13.84910713460693,13.922147243525833
traj2,46000,15.132166919258045,15.21577507594066
traj2,46100,15.391381625252562,15.461123276232929
traj2,46200,15.104187389369335,15.152227462903195
traj2,46300,15.950572956437151,16.00557654138931
traj2,46400,15.745300023187722,15.801669269563224
traj2,46500,15.334172762309619,15.395550994133796
traj2,46600,16.11205316681155,16.158247043722206
traj2,46700,16.166763984705124,16.221565437480457
traj2,46800,16.37772521867555,16.439699841009073
traj2,46900,17.287869155634805,17.356299436729056
traj2,47000,16.824567399163083,16.869223472402624
traj2,47100,17.31687668634384,17.36012104878274
traj2,47200,16.646333913120092,16.69853273822092
traj2,47300,16.929991159310585,16.9821023822855
traj2,47400,17.20130664790324,17.247029503354465
traj2,47500,17.887707479634862,17.953268413837726
traj2,47600,18.74393449990355,18.777182732817113
traj2,47700,20.11308615807349,20.19734019319906
traj2,47800,21.56937761517386,21.65083420755064
traj2,47900,22.16764245319828,22.275681700141323
traj2,48000,23.109720109734937,23.22448765697069
traj2,48100,22.677401428856935,22.786581435311565
traj2,48200,22.43072991855896,22.539901953270146
traj2,48300,23.558584880193465,23.672368971133164
traj2,48400,23.722576648668912,23.821240825260215
traj2,48500,23.351701132732245,23.45697718664788
traj2,48600,24.33521407498024,24.475145892827584
traj2,48700,24.752113422431314,24.863119537001104
traj2,48800,26.042263564458004,26.164128639425645
traj2,48900,27.901996211808022,28.03930793973192
traj2,49000,29.537827416224882,29.66061879188754
traj2,49100,29.962133118056517,30.087799381156426
traj2,49200,31.887436184680087,32.022777578649624
traj2,49300,32.27887138994858,32.422468340465805
traj2,49400,32.376660160968385,32.52528444591926
traj2,49500,34.11686649857805,34.263272362185056
traj2,49600,34.074686319319795,34.20797408175481
traj2,49700,35.01632443659698,35.15991226528599
traj2,49800,36.01241482532655,36.15948760908657
traj2,49900,36.63662143898361,36.77988407072456
traj2,50000,37.79099205053344,37.96713248556198
traj2,50100,38.53869068924268,38.6893181998261
traj2,50200,38.74123371896083,38.88805624311091
traj2,50300,39.0503945998598,39.20320771687649
traj2,50400,39.18473391325863,39.3175176388633
traj2,50500,39.67261237042324,39.814933418946204
traj2,50600,40.46416747237892,40.58988704834106
traj2,50700,40.37445513050006,40.49435091648413
traj2,50800,40.39074940957599,40.53257642298441
traj2,50900,40.64428463718862,40.77200353827325
traj2,51000,40.419820804803955,40.553560008940146
traj2,51100,40.20217639203944,40.3145486085791
traj2,51200,40.38881667998196,40.513798740130774
traj2,51300,40.22477345869426,40.345330448470385
traj2,51400,39.93366051226141,40.05375191411126
traj2,51500,40.82518813416063,40.946176171930105
traj2,51600,40.49704416081109,40.62027864072654
traj2,51700,40.57331092465929,40.688775767190954
traj2,51800,40.9168698377756,41.04026472007835
traj2,51900,40.481557135867526,40.60575148776364
traj2,52000,40.611664231812554,40.72794153657848
traj2,52100,41.01603535371663,41.14534715985884
traj2,52200,40.604411257502534,40.723524314961665
traj2,52300,40.64833269002334,40.78707344225519
traj2,52400,40.44827418542044,40.57332545330275
traj2,52500,40.312626640138284,40.43721047311403
traj2,52600,40.34533117927643,40.47861604078466
traj2,52700,40.84687600755729,40.97147397463626
traj2,52800,41.306961064950826,41.42768429686403
traj2,52900,41.15550556770875,41.272165796394596
traj2,53000,40.513649173651416,40.63801960625819
traj2,53100,40.988465342947265,41.110903667482674
traj2,53200,40.94198596675436,41.06276097294797
traj2,53300,40.38357942717878,40.514919262098104
traj2,53400,40.72702139194233,40.846896122193314
traj2,53500,40.783172160766114,40.89683929247266
traj2,53600,41.21633899667538,41.334186870054246
traj2,53700,41.2636100147339,41.383832107051866
traj2,53800,40.35590158695427,40.49583149075026
traj2,53900,40.66103035613618,40.77959480536832
traj2,54000,41.11470190002426,41.24085693640097
traj2,54100,41.1634836092876,41.29153437389396
traj2,54200,41.61205195903277,41.740012446091384
traj2,54300,41.33696726314764,41.469257510038446
traj2,54400,42.09284961557099,42.224140385501286
traj2,54500,40.946173097906986,41.08061359544417
traj2,54600,41.78732259176558,41.92957253735303
traj2,54700,41.63305026463015,41.76998204583321
traj2,54800,41.71409678696594,41.87879327196511
traj2,54900,42.21021476889404,42.34933785458893
traj2,55000,42.69879350997269,42.855840107440564
traj2,55100,42.470592204237775,42.594175867800864
traj2,55200,43.551525884126406,43.69631620142194
traj2,55300,43.31176451688963,43.46011893137189
traj2,55400,42.61596031144282,42.79536326730966
traj2,55500,41.945890330811196,42.0759702971676
traj2,55600,42.17487678999187,42.30349217222652
traj2,55700,42.27830882597728,42.41258646559083
traj2,55800,42.2745515007942,42.426945327530774
traj2,55900,42.12666021806131,42.28026496223241
traj2,56000,42.39856041256742,42.56490226137322
traj2,56100,41.8074032874481,41.946062583322046
traj2,56200,42.03783670841736,42.188579341695196
traj2,56300,42.11619339848831,42.260468011794345
traj2,56400,41.57291144381927,41.74276102806053
traj2,56500,42.33138556659415,42.48149378800926
traj2,56600,42.574481224708286,42.72670871343664
traj2,56700,42.19572763282579,42.355075824302915
traj2,56800,42.67699748652397,42.86952803992564
traj2,56900,42.71507591737846,42.89128492905292
traj2,57000,42.45000713380774,42.63882021977041
traj2,57100,42.54047530977204,42.723422414445935
traj2,57200,42.339341821510864,42.53281725530393
traj2,57300,42.998969219800344,43.19193417560119
traj2,57400,42.08348272742203,42.25801050702926
traj2,57500,41.20220448329327,41.36685077319451
traj2,57600,41.966459067795356,42.13510286554796
traj2,57700,41.093258356480526,41.282555753896894
traj2,57800,41.44489718197985,41.59137178232124
traj2,57900,41.23675491600089,41.41185952948337
traj2,58000,41.46326671649987,41.65203529266208
traj2,58100,41.5823587181038,41.751706833624105
traj2,58200,41.315410122530956,41.498331218704536
traj2,58300,41.13503716256658,41.33290746708707
traj2,58400,41.82156937727485,42.00166239355249
traj2,58500,41.73990535522903,41.91962336394435
traj2,58600,42.107110903673565,42.28921276482476
traj2,58700,41.97152684513241,42.15591771549827
traj2,58800,41.508261078704635,41.69265879698397
traj2,58900,41.53136874408649,41.69795425344238
traj2,59000,40.73650221670104,40.86985830118103
traj2,59100,40.70005926217401,40.87886786538161
traj2,59200,41.05755545447069,41.19236302230586
traj2,59300,41.56478186916399,41.6963893594251
traj2,59400,41.31889219138213,41.496957666184244
traj2,59500,41.72238120457035,41.89472877997645
traj2,59600,41.20498589101952,41.34142397411037
traj2,59700,41.92109783389558,42.05874766762764
traj2,59800,41.91307332963413,42.05685496222002
traj2,59900,42.42010319475805,42.59673448195373
traj2,60000,42.37771927221485,42.56024871843437
traj2,60100,42.22124175007963,42.378800669336535
traj2,60200,41.93591702164873,42.1303355485206
traj2,60300,41.523435000608664,41.687666782863026
traj2,60400,42.593953893700906,42.73739896940342
traj2,60500,42.025226836200034,42.19006422904102
traj2,60600,41.954434692361524,42.13908884186086
traj2,60700,41.867581037302116,42.04244798712957
traj2,60800,41.85158183271535,42.020132172339174
traj2,60900,41.5634034753705,41.769882124850646
traj2,61000,41.65006967992983,41.8702712250573
traj2,61100,41.74169947709017,41.961191578991524
traj2,61200,42.81270549294115,43.04089768161085
traj2,61300,43.11838898304844,43.32020780651598
traj2,61400,43.10742579016475,43.34463118653508
traj2,61500,43.91947772203602,44.20117222642247
traj2,61600,43.72908952812168,43.99636733677808
traj2,61700,42.80495515318456,43.05712028266091
traj2,61800,43.47438116849837,43.7532138576247
traj2,61900,43.828714565698895,44.09550332676183
traj2,62000,43.80132936559171,44.075883797177575
traj2,62100,43.90817480711191,44.179097085165324
traj2,62200,42.7647512861186,43.00943340392878
traj2,62300,43.53386445189547,43.78793045929446
traj2,62400,42.37529465343723,42.615823280355656
traj2,62500,42.553584243385345,42.80704628618333
traj2,62600,43.025977102088895,43.276373693851966
traj2,62700,42.29679263790381,42.574038502528374
traj2,62800,43.097878253010556,43.33680255034653
traj2,62900,42.84342225031513,43.08459978081236
traj2,63000,43.55200302114745,43.77705134218007
traj2,63100,43.32716630720909,43.59547220855234
traj2,63200,44.30318018124855,44.567867225430966
traj2,63300,42.72538875599137,42.947558725056886
traj2,63400,43.1652903776844,43.404790792303324
traj2,63500,42.974302277927805,43.19486360635156
traj2,63600,43.18798259927658,43.40303818720629
traj2,63700,43.1645914001844,43.38490997623841
traj2,63800,42.9681737342744,43.18953236205484
traj2,63900,43.07069423929848,43.2721769777096
traj2,64000,43.36905523897246,43.560936957101674
traj2,64100,43.663860632733964,43.85760993479484
traj2,64200,43.61430556863914,43.82965978736213
traj2,64300,43.26839147886846,43.47857631382815
traj2,64400,43.83985123024442,44.045396021641956
traj2,64500,43.03706006499,43.23379863983612
traj2,64600,43.76944037027886,44.00959256830847
traj2,64700,44.121502043202085,44.347781107989086
traj2,64800,43.33617287752886,43.58980764715727
traj2,64900,43.30143288220478,43.54278605677563
traj2,65000,43.95313376790669,44.182408013686484
traj2,65100,43.57899862394557,43.823460835305525
traj2,65200,44.24756827103035,44.48578297363218
traj2,65300,43.694255182302484,43.92942370792358
traj2,65400,43.885699988905955,44.141594041614596
traj2,65500,43.56905703562188,43.82205967079662
traj2,65600,43.45729107843034,43.68341769938884
traj2,65700,43.70607167686878,43.95735442466641
traj2,65800,44.339988798579164,44.5689427344319
traj2,65900,43.26162354749457,43.47108127128598
traj2,66000,42.814257935180265,43.02960440754993
traj2,66100,43.18789280150032,43.40081496582465
traj2,66200,43.95648078937277,44.15453567978312
traj2,66300,44.13452091320227,44.352222128903804
traj2,66400,43.90001726994792,44.12481297736311
traj2,66500,43.704576106391755,43.94804431865708
traj2,66600,42.85015779888327,43.11083877639978
traj2,66700,43.350944263764156,43.61370136313557
traj2,66800,44.22559876138246,44.485547835417584
traj2,66900,44.52880484618493,44.78992975923356
traj2,67000,44.87921069588141,45.1746251329724
traj2,67100,44.42910430779517,44.6828598885859
traj2,67200,44.34937066417112,44.60924972040513
traj2,67300,44.1535862212723,44.429457897033814
traj2,67400,43.774563487266505,44.05860589924787
traj2,67500,43.96882236820095,44.23496994114892
traj2,67600,44.60303218338533,44.88087820197618
traj2,67700,44.4528746905549,44.69773936241098
traj2,67800,44.005471677834336,44.25885919146048
traj2,67900,44.42670238517633,44.676118994045005
traj2,68000,43.81420910595862,44.093498385684946
traj2,68100,44.047534789341675,44.33341907135431
traj2,68200,43.452451664976785,43.73073946177582
traj2,68300,43.214809372031134,43.48875260526663
traj2,68400,43.060409201711856,43.318927000491804
traj2,68500,43.849434714225836,44.11534710830085
traj2,68600,43.79628539355955,44.05242157361932
traj2,68700,44.17533170123735,44.45152777213999
traj2,68800,44.371309940226006,44.64052018531019
traj2,68900,44.47606858178652,44.73668836813749
traj2,69000,44.78021539825015,45.03399217786714
traj2,69100,44.48193091666059,44.72079174620923
traj2,69200,44.35675448100424,44.61595469079549
traj2,69300,44.6795847406554,44.912994887948855
traj2,69400,44.959521015018886,45.26518557020193
traj2,69500,44.33532853611527,44.5977599342116
traj2,69600,44.60914369097982,44.864892283119964
traj2,69700,43.851502082766814,44.09975535001625
traj2,69800,44.30600896933269,44.617439221171615
traj2,69900,44.252415828470234,44.53652881575431
traj2,70000,44.767507333455185,45.03155318003277
traj2,70100,44.96749069973744,45.243380828667995
traj2,70200,44.42455948993719,44.68291986068965
traj2,70300,44.186562098557225,44.429077732099955
traj2,70400,44.20385463031061,44.47856945171751
traj2,70500,44.54498744677125,44.81123916119117
traj2,70600,44.39680599461928,44.684416155635034
traj2,70700,44.52962196088194,44.80468227793486
traj2,70800,44.198556539916375,44.453909822406565
traj2,70900,43.93463077333856,44.21220227042165
traj2,71000,44.25412011159922,44.52454847669026
traj2,71100,44.00268146823037,44.30632625148857
traj2,71200,44.34865247081273,44.63916798614908
traj2,71300,44.254989320451024,44.537803201212355
traj2,71400,44.47654083530889,44.77613397722316
traj2,71500,44.2158759181275,44.51576501120204
traj2,71600,44.23388821211082,44.53001492421215
traj2,71700,44.740496994879045,45.018520857000475
traj2,71800,45.32282006513826,45.59353016300332
traj2,71900,45.1495702904444,45.425670911862426
traj2,72000,44.658012937158304,44.94354631921782
traj2,72100,45.45247189206493,45.73726206703543
traj2,72200,45.238408283922794,45.51506757873667
traj2,72300,45.25869618481421,45.54447797137397
traj2,72400,45.28858191530733,45.547416276050264
traj2,72500,45.12977428301491,45.417882696474635
traj2,72600,45.458225871934374,45.73380209813127
traj2,72700,44.94905770071075,45.22418704421253
traj2,72800,44.72195235667892,44.98384572889098
traj2,72900,45.005498594258185,45.27686677507782
traj2,73000,44.906637136844445,45.17695200920668
traj2,73100,44.66454631795639,44.9180790840549
traj2,73200,44.725389192389784,44.960997626995486
traj2,73300,44.239682865583546,44.513213108250945
traj2,73400,43.87987015384573,44.13911502328905
traj2,73500,44.184821049963,44.46774542614362
traj2,73600,44.237363615765446,44.51952851717297
traj2,73700,44.32796475384588,44.596415622217734
traj2,73800,44.06702238883961,44.34609326103857
traj2,73900,43.98742000759935,44.24082278948746
traj2,74000,44.033708497602554,44.31198540620332
traj2,74100,44.08929788134649,44.35798980990372
traj2,74200,44.10315929666411,44.365209848145355
traj2,74300,44.68021618426133,44.94812993742527
traj2,74400,44.43041733772418,44.7029158781557
traj2,74500,44.541416985965746,44.80670949747671
traj2,74600,44.57789637874482,44.86295135289303
traj2,74700,44.19906533318537,44.44713083597178
traj2,74800,44.65744833309745,44.91681274420253
traj2,74900,44.58617741258811,44.84239450868414
traj2,75000,44.5992295057699,44.85689028147097
traj2,75100,44.313694883358544,44.57265955054279
traj2,75200,44.92139386944344,45.18435909078362
traj2,75300,44.55727095590816,44.81738966403106
traj2,75400,44.59940672357348,44.85798167882618
traj2,75500,44.28990514169124,44.55262594663446
traj2,75600,44.391634888464345,44.639960648404475
traj2,75700,44.508018563102,44.76696562548484
traj2,75800,44.419354324941445,44.683353640070685
traj2,75900,44.223192635902954,44.48503318712953
traj2,76000,44.27891443388973,44.55841170787509
traj2,76100,44.63999909776608,44.89930471167343
traj2,76200,44.4227494130466,44.68750600786279
traj2,76300,44.39874805558258,44.66930595042661
traj2,76400,44.424049634415454,44.69065049669821
traj2,76500,43.96489344786621,44.23083487698427
traj2,76600,44.42342037670975,44.687771919157555
traj2,76700,44.506160249053885,44.78011069010743
traj2,76800,44.848103741606806,45.12186932744868
traj2,76900,44.436716430170314,44.703427960188144
traj2,77000,44.68772253650809,44.943153086903074
traj2,77100,43.9943934517724,44.27600295557812
traj2,77200,44.68233417378021,44.95982832162458
traj2,77300,44.17446020657435,44.428879610919104
traj2,77400,44.22278103836508,44.48919127481204
traj2,77500,43.81606486863516,44.0698941229172
traj2,77600,43.747117764372824,44.01916952142841
traj2,77700,44.01331523551142,44.27231136209
traj2,77800,43.88805574281537,44.150665382344165
traj2,77900,44.28263296314368,44.55101228150177
traj2,78000,44.011144215859524,44.28511484032117
traj2,78100,44.32098450442387,44.60570979879214
traj2,78200,44.745548667625556,45.02741137719148
traj2,78300,44.52884339057949,44.787376785789135
traj2,78400,44.345929326689095,44.621219833372486
traj2,78500,44.16602141642518,44.46574356992702
traj2,78600,44.72994160483366,45.01884233761227
traj2,78700,44.29497181266042,44.58545260321367
traj2,78800,44.21707087518975,44.49439292418127
traj2,78900,44.5013632975714,44.77366068577371
traj2,79000,44.28685653957176,44.543809355661935
traj2,79100,44.23388686750356,44.47516791657325
traj2,79200,44.6020923270329,44.85660004142298
traj2,79300,44.727469625701346,44.98314351289674
traj2,79400,45.12875514504305,45.40090379947133
traj2,79500,44.397743088919796,44.6230244685446
traj2,79600,44.91950645381097,45.13798674046425
traj2,79700,44.876221835501006,45.10813349886155
traj2,79800,44.86267945785548,45.096704341086095
traj2,79900,44.814798699354185,45.05197259031232
traj2,80000,45.06460337586681,45.29829031724923
traj2,80100,44.96323687728242,45.18081788893097
traj2,80200,45.06731498594159,45.27700832158531
traj2,80300,45.49101722850374,45.712065799637195
traj2,80400,45.64545840667654,45.88700255877278
traj2,80500,45.08031000120851,45.306047517084146
traj2,80600,45.53526838119612,45.760039472898484
traj2,80700,45.89035765564153,46.114748773519175
traj2,80800,45.861576237752146,46.07649363610825
traj2,80900,46.266907182710234,46.49226595744051
traj2,81000,46.53948329623473,46.76845123851545
traj2,81100,46.44082961397681,46.66902795949299
traj2,81200,46.452770721314835,46.68606414842338
traj2,81300,45.94486410947788,46.17818021882647
traj2,81400,46.06076212873371,46.296897652087544
traj2,81500,46.36279389179143,46.57577382309363
traj2,81600,45.48784345241524,45.72118321570315
traj2,81700,45.61491534523263,45.84297476204355
traj2,81800,45.787050297098745,46.028302057762
traj2,81900,46.01702428455142,46.25132387723454
traj2,82000,45.950215839030726,46.17749420352621
traj2,82100,45.9302382492969,46.16272239244877
traj2,82200,45.94677240578732,46.17829993422718
traj2,82300,45.86386152270046,46.09106957306974
traj2,82400,46.147831213187295,46.39659982373954
traj2,82500,45.785116363272465,46.02634779050342
traj2,82600,45.61359259840344,45.84897603315166
traj2,82700,45.765054470265895,46.00974695881502
traj2,82800,46.20794237096279,46.45997807394615
traj2,82900,45.259619818180546,45.49461675622131
traj2,83000,45.76181956452386,45.99360430058569
traj2,83100,45.71438040336116,45.94743768460832
traj2,83200,45.772157580896945,46.00679601151252
traj2,83300,45.67295694918212,45.909913241730855
traj2,83400,45.6247269002615,45.87057362974799
traj2,83500,46.29356481059948,46.522142176238184
traj2,83600,45.94762567967218,46.162428565341344
traj2,83700,45.792911846710254,46.01506820134315
traj2,83800,46.04038525257623,46.27503883254277
traj2,83900,45.650623646691095,45.88346871490218
traj2,84000,45.74887809975941,46.005481547474545
traj2,84100,45.83636039571628,46.08805385484572
traj2,84200,45.60624722586942,45.850822074389086
traj2,84300,45.588439141413716,45.81335649864329
traj2,84400,45.91713881314647,46.13816242672091
traj2,84500,45.62638747318835,45.85229709218861
traj2,84600,45.323475269505074,45.5562714040161
traj2,84700,45.28796889082195,45.517086307743234
traj2,84800,45.07563644893106,45.28766696041306
traj2,84900,45.08927058998162,45.32024452278682
traj2,85000,45.31609987381394,45.551851646902456
traj2,85100,45.57373444871473,45.82689512504164
traj2,85200,45.75676948198485,45.97123737757806
traj2,85300,45.672720314979564,45.88162673387473
traj2,85400,45.904974841248645,46.122708620513585
traj2,85500,45.899415082316935,46.109338776196275
traj2,85600,45.52421142961811,45.7173411465488
traj2,85700,45.683446829827794,45.90130744819908
traj2,85800,46.103055170082655,46.332394160690264
traj2,85900,46.32015129980364,46.5507816247417
traj2,86000,46.82122505500518,47.04174464780042
traj2,86100,46.473143754499226,46.66353311546221
traj2,86200,46.12037375111579,46.311470475494666
traj2,86300,46.61543184129855,46.80397913701885
traj2,86400,46.49474804716539,46.69813915681285
traj2,86500,46.703440424207486,46.93899463176893
traj2,86600,46.444717929111256,46.68010375877712
traj2,86700,46.7995592390066,47.053078610969706
traj2,86800,47.01321676705473,47.24597555470802
traj2,86900,47.198015701692945,47.435084864838316
traj2,87000,47.27968073615135,47.48348945036982
traj2,87100,48.17075696000181,48.374254879858796
traj2,87200,47.64607156318401,47.852843054460635
traj2,87300,47.93511831895109,48.15405496474295
traj2,87400,48.63804345159728,48.85818777524396
traj2,87500,48.77910323023273,48.990258768416545
traj2,87600,48.562942211684884,48.75087092200531
traj2,87700,48.09928377500849,48.329220736049656
traj2,87800,48.26915411981853,48.498922388639286
traj2,87900,48.55135751250013,48.799503731608304
traj2,88000,48.04262861735109,48.280084046513714
traj2,88100,48.879354572399926,49.12044730657931
traj2,88200,48.24066597555734,48.4848133071244
traj2,88300,48.041182625489064,48.28273998162193
traj2,88400,47.475855618424184,47.687380224163455
traj2,88500,48.29587992705477,48.540079626919336
traj2,88600,48.40223511919866,48.64160380886361
traj2,88700,48.11562467446105,48.33597267827194
traj2,88800,47.96165589680257,48.2350938869925
traj2,88900,47.74330841525002,48.007818377312326
traj2,89000,47.66435664151002,47.917653566378846
traj2,89100,47.32195242739883,47.581800538957395
traj2,89200,48.38992047062173,48.656740649707196
traj2,89300,48.01008098590927,48.243200231014534
traj2,89400,48.03369860138779,48.31834354611953
traj2,89500,48.35027511706989,48.62216000877022
traj2,89600,48.592601387223056,48.83998384332675
traj2,89700,48.384436660045246,48.64563634452976
traj2,89800,49.706115972485236,49.98900270341721
traj2,89900,50.02545953171804,50.33114406815898
traj2,90000,49.91741386735949,50.20328547146723
traj2,90100,50.57426510208942,50.854672137678435
traj2,90200,50.78470331539326,51.03864779780925
traj2,90300,51.023984192994824,51.292006498484824
traj2,90400,50.901321936719604,51.17827820571579
traj2,90500,50.502406700277746,50.793412164462715
traj2,90600,50.374551987297465,50.65131408251592
traj2,90700,50.916968393783634,51.202976785184205
traj2,90800,50.66506992336637,50.96795024174808
traj2,90900,50.97632216585612,51.24963345467789
traj2,91000,50.51948549235515,50.74287562816575
traj2,91100,51.52365791835094,51.762100658375836
traj2,91200,51.74520333610225,51.981695959207634
traj2,91300,51.53826696434425,51.76427978458841
traj2,91400,51.23683225716173,51.482845616944545
traj2,91500,52.19049218041738,52.42127135222347
traj2,91600,51.989398797447876,52.24026973852951
traj2,91700,52.71728042669536,52.93818571830896
traj2,91800,53.391286610578824,53.61648714740888
traj2,91900,53.10994246249057,53.3276722443663
traj2,92000,52.656291903792926,52.89045382781492
traj2,92100,53.84068674902874,54.04021126722518
traj2,92200,55.6924843327371,55.84742359032415
traj2,92300,57.05946019195978,57.234255792420896
traj2,92400,57.63366293643813,57.81304687142358
traj2,92500,58.46371940394242,58.64423868122022
traj2,92600,58.851810724699085,59.044298119344035
traj2,92700,60.01832320864801,60.19651610915412
traj2,92800,60.38677469253338,60.596882608321586
traj2,92900,60.6549405114353,60.83353130572574
traj2,93000,63.32477431817939,63.50231549785608
traj2,93100,63.93591351391624,64.10670232526832
traj2,93200,64.81718814158391,64.99478069588969
traj2,93300,64.93094594960986,65.08198334100702
traj2,93400,64.91648703419149,65.07314411151434
traj2,93500,65.40748290270606,65.56611395059909
traj2,93600,67.00160997076588,67.16897941448063
traj2,93700,67.36349225514186,67.507834912
traj2,93800,68.56027842060223,68.73145270544153
traj2,93900,68.47513985373406,68.60862097343109
traj2,94000,71.4395762751051,71.61632483452475
traj2,94100,72.31823332344814,72.49089781419964
traj2,94200,71.9339988111224,72.11735031882313
traj2,94300,72.68331132608346,72.87669568342379
traj2,94400,75.33060376756777,75.52261159955408
traj2,94500,76.93620530968025,77.15851651361037
traj2,94600,78.31570698897394,78.54719424837981
traj2,94700,78.6577039074074,78.85629081529369
traj2,94800,79.32106936444498,79.53375334372241
traj2,94900,79.72458053202483,79.93122429688033
traj2,95000,81.2240100811669,81.45851528502506
traj2,95100,82.25247432298163,82.49810930750499
traj2,95200,82.14382873952451,82.34351980631183
traj2,95300,84.62557577715468,84.82728410110323
traj2,95400,84.62804871891055,84.82349771006724
traj2,95500,85.53628501873115,85.75497192986954
traj2,95600,86.18715557795947,86.40517438412012
traj2,95700,86.87742489082434,87.10481760863266
traj2,95800,87.86964960360298,88.09432557571276
traj2,95900,89.30001339556392,89.50363598402969
traj2,96000,89.87112141140722,90.06779837570188
traj2,96100,91.22193116892774,91.43421825938168
traj2,96200,91.41156604359321,91.64553630209791
traj2,96300,92.59088355842,92.8164976446035
traj2,96400,93.62020834966717,93.85272288456667
traj2,96500,91.78418472988993,92.0333733612608
traj2,96600,93.31802817335267,93.58988502874789
traj2,96700,93.69357970634606,94.00105285241004
traj2,96800,92.41615946087147,92.72591708429734
traj2,96900,93.71242974577571,94.00525194127603
traj2,97000,96.69817804578369,97.00172880110695
traj2,97100,98.18448974996572,98.49220269958577
traj2,97200,98.62779007114379,98.92593050503137
traj2,97300,100.24555456367275,100.49605495249949
traj2,97400,101.33582098889062,101.59580598983169
traj2,97500,101.29898602034308,101.55597735342579
traj2,97600,102.60094476691594,102.87743922655608
traj2,97700,102.83511526792813,103.0973082280859
traj2,97800,103.87291648425989,104.1617307100691
traj2,97900,103.29005549627378,103.56412978461177
traj2,98000,104.67611747611357,104.98104556255008
traj2,98100,105.62636407042011,105.90074686962485
traj2,98200,106.91640269752371,107.19497780924851
traj2,98300,107.72079048722497,108.01120639939646
traj2,98400,108.20423681213187,108.50031119466676
traj2,98500,110.32363119032436,110.63341871164666
traj2,98600,112.07325672034999,112.37234797492913
traj2,98700,112.65969220540173,112.98869752915346
traj2,98800,117.85431192365482,118.08806505128919
traj2,98900,119.3825001860857,119.61719930254986
traj2,99000,120.7934943196133,121.02694555355143
traj2,99100,121.06019189855769,121.29040493337683
traj2,99200,121.08674423414578,121.34800585126692
traj2,99300,122.72264115709606,122.99689905194604
traj2,99400,124.72147507527754,124.99568877515496
traj2,99500,125.12768538642175,125.40093342800286
traj2,99600,127.10892524003738,127.37732163082222
traj2,99700,129.56045115250018,129.73607763613572
traj2,99800,130.44448179707933,130.62575384713227
traj2,99900,132.96979109206129,133.13171009712224
