system,time,CA RMSD
traj1,0,0.0
traj1,20,0.2756804064984935
traj1,40,0.2758640918539553
traj1,60,0.2762727288913726
traj1,80,0.28277637520690135
traj1,100,0.2719488536758856
traj1,120,0.2791084630293225
traj1,140,0.2721875728259107
traj1,160,0.2841695553693401
traj1,180,0.28309187222770277
traj1,200,0.27330987237579035
traj1,220,0.2761302453362624
traj1,240,0.27313216557351705
traj1,260,0.2790786943407118
traj1,280,0.26433311346798183
traj1,300,0.2752494361453152
traj1,320,0.2773656100023503
traj1,340,0.28479029560192737
traj1,360,0.2802447194039119
traj1,380,0.28405358498402494
traj1,400,0.2819746748842966
traj1,420,0.2676843940263927
traj1,440,0.2791663331477618
traj1,460,0.278136638960153
traj1,480,0.2845041609962488
traj1,500,0.2914670526847676
traj1,520,0.282406765594461
traj1,540,0.294757180310837
traj1,560,0.2778843139230564
traj1,580,0.289681234265121
traj1,600,0.2826763523909257
traj1,620,0.28453627929762493
traj1,640,0.2927960992038596
traj1,660,0.288570866028548
traj1,680,0.2745457684999351
traj1,700,0.2876602107140331
traj1,720,0.2748312518332417
traj1,740,0.27212411891265803
traj1,760,0.2825147192967869
traj1,780,0.28494609709756047
traj1,800,0.27812455478487247
traj1,820,0.27523839565055686
traj1,840,0.2893111328406924
traj1,860,0.2840753107461978
traj1,880,0.2830222367288149
traj1,900,0.27638061499285915
traj1,920,0.28251808347472795
traj1,940,0.2958940896306934
traj1,960,0.2921074063600986
traj1,980,0.2888315927817669
traj1,1000,0.29361509132417485
traj1,1020,0.28129784613498887
traj1,1040,0.28631467393387866
traj1,1060,0.28931356900241084
traj1,1080,0.2901361132605476
traj1,1100,0.2699833377858978
traj1,1120,0.2831874929256286
traj1,1140,0.28618478751471665
traj1,1160,0.28565743998407045
traj1,1180,0.2841944368992197
traj1,1200,0.28822236449671684
traj1,1220,0.2840684903503752
traj1,1240,0.28291603100354384
traj1,1260,0.2852452562981047
traj1,1280,0.2755803618438875
traj1,1300,0.27081399590921856
traj1,1320,0.2859784877633363
traj1,1340,0.28400952225072096
traj1,1360,0.27495351523274747
traj1,1380,0.290956060401771
traj1,1400,0.286390260007244
traj1,1420,0.29226462943366005
traj1,1440,0.284042178999363
traj1,1460,0.29292310173463754
traj1,1480,0.29147788321479784
traj1,1500,0.2817838509963335
traj1,1520,0.2856993596052381
traj1,1540,0.2974158783681888
traj1,1560,0.29465919386101336
traj1,1580,0.28991303562538695
traj1,1600,0.28418029587003957
traj1,1620,0.290045834769761
traj1,1640,0.2935943673918624
traj1,1660,0.2785780323678291
traj1,1680,0.28879864663105004
traj1,1700,0.2829080719307357
traj1,1720,0.28282122919450037
traj1,1740,0.2893015734210782
traj1,1760,0.28337966309975
traj1,1780,0.2961789962253066
traj1,1800,0.2767070532706793
traj1,1820,0.2817434110891781
traj1,1840,0.2676243756634186
traj1,1860,0.28915999508765394
traj1,1880,0.2890011903776016
traj1,1900,0.274305012665743
traj1,1920,0.2701029361971088
traj1,1940,0.28105980409084225
traj1,1960,0.2864242339580209
traj1,1980,0.2938007751353369
traj1,2000,0.28428118421381765
traj1,2020,0.2829087872031618
traj1,2040,0.2932798459802576
traj1,2060,0.2754923953025842
traj1,2080,0.2848856702221397
traj1,2100,0.27318912673216933
traj1,2120,0.270169745558935
traj1,2140,0.27911749781098605
traj1,2160,0.2860368260222105
traj1,2180,0.28793409318008123
traj1,2200,0.27904361506734576
traj1,2220,0.27983464974190303
traj1,2240,0.2785731633728593
traj1,2260,0.2848529495459074
traj1,2280,0.2864870821254898
traj1,2300,0.28432685152057335
traj1,2320,0.28714656703045954
traj1,2340,0.2937806134844934
traj1,2360,0.2720571643534289
traj1,2380,0.27918058097595055
traj1,2400,0.29227765588667054
traj1,2420,0.2829017031210863
traj1,2440,0.2819536649418808
traj1,2460,0.2843796447215699
traj1,2480,0.286369681523165
traj1,2500,0.27824966378722255
traj1,2520,0.2717161095172618
traj1,2540,0.29250300250156835
traj1,2560,0.2917506290558729
traj1,2580,0.2798187580388549
traj1,2600,0.28831427188840525
traj1,2620,0.2618108370978289
traj1,2640,0.2826692343317497
traj1,2660,0.2861104748485382
traj1,2680,0.28552421809317774
traj1,2700,0.29256646983326295
traj1,2720,0.2800929323207588
traj1,2740,0.28831249435369694
traj1,2760,0.2854955083830404
traj1,2780,0.2853133918328289
traj1,2800,0.2771876707601863
traj1,2820,0.27675167092304326
traj1,2840,0.28364514221090614
traj1,2860,0.2841066453803038
traj1,2880,0.28197926947966756
traj1,2900,0.2961180346996999
traj1,2920,0.3089119847147199
traj1,2940,0.2742788882650103
traj1,2960,0.2775934940098188
traj1,2980,0.28924996379228163
traj1,3000,0.2911197482264936
traj1,3020,0.28480311484986404
traj1,3040,0.278592496223515
traj1,3060,0.2837814864948703
traj1,3080,0.2773461372489555
traj1,3100,0.2793722126122958
traj1,3120,0.2819067948126611
traj1,3140,0.28040248838828447
traj1,3160,0.28249160254896555
traj1,3180,0.27920613729003513
traj1,3200,0.2837171760758249
traj1,3220,0.28131394679552923
traj1,3240,0.2633438448907998
traj1,3260,0.289331786886606
traj1,3280,0.2920510177802163
traj1,3300,0.2746266824986756
traj1,3320,0.2851763157935996
traj1,3340,0.2849683275870444
traj1,3360,0.29464901451192976
traj1,3380,0.27902899010684323
traj1,3400,0.28852071327182943
traj1,3420,0.2941925971922861
traj1,3440,0.2837559499191646
traj1,3460,0.2740338997194106
traj1,3480,0.2783302132626074
traj1,3500,0.29645747889640983
traj1,3520,0.2953073179226112
traj1,3540,0.2875721592798477
traj1,3560,0.2918811412973447
traj1,3580,0.2962110971561071
traj1,3600,0.27735257295276383
traj1,3620,0.2850733453604263
traj1,3640,0.27853194438892714
traj1,3660,0.28639892169955783
traj1,3680,0.29168828462800156
traj1,3700,0.29078879941855157
traj1,3720,0.29209801117452433
traj1,3740,0.28939268526807416
traj1,3760,0.2767729754221212
traj1,3780,0.28574887577895974
traj1,3800,0.27311336445769335
traj1,3820,0.2765349169273283
traj1,3840,0.2862933380791944
traj1,3860,0.2898420226420149
traj1,3880,0.2756193108817503
traj1,3900,0.2914074549487493
traj1,3920,0.28365971695402625
traj1,3940,0.2795399287543988
traj1,3960,0.2768350899570814
traj1,3980,0.27603860872254504
traj1,4000,0.28575808738337505
traj1,4020,0.2984015576635047
traj1,4040,0.28907045593575137
traj1,4060,0.28471220679854914
traj1,4080,0.2831395788840056
traj1,4100,0.29370901805241656
traj1,4120,0.28332415296711916
traj1,4140,0.2964150262467334
traj1,4160,0.284816194019653
traj1,4180,0.28100563220237185
traj1,4200,0.2907018085692564
traj1,4220,0.2905406205738211
traj1,4240,0.29238328195142693
traj1,4260,0.28781503636135425
traj1,4280,0.2835727088166706
traj1,4300,0.29423509090123257
traj1,4320,0.29125458631370255
traj1,4340,0.2789375406041449
traj1,4360,0.28916342599661543
traj1,4380,0.2869173974419022
traj1,4400,0.29706699520686336
traj1,4420,0.287016041507427
traj1,4440,0.28725599622436954
traj1,4460,0.2935088728236348
traj1,4480,0.2901787585581027
traj1,4500,0.2873366963487903
traj1,4520,0.287119895609932
traj1,4540,0.2897910717885703
traj1,4560,0.28776653032209226
traj1,4580,0.2831341700344934
traj1,4600,0.2816452377098117
traj1,4620,0.29646027087183735
traj1,4640,0.29132909462800394
traj1,4660,0.29275630749779036
traj1,4680,0.2859723776777378
traj1,4700,0.29300500973468047
traj1,4720,0.2907518499549032
traj1,4740,0.2822339048820422
traj1,4760,0.29726081747713035
traj1,4780,0.29389534298955905
traj1,4800,0.281303197044676
traj1,4820,0.28912653855217746
traj1,4840,0.28795984572756805
traj1,4860,0.28681849393752534
traj1,4880,0.29809002331841555
traj1,4900,0.2851129794947912
traj1,4920,0.29517426311646955
traj1,4940,0.3000268997131719
traj1,4960,0.282759165292857
traj1,4980,0.290615926829982
traj1,5000,0.2857821164060967
traj1,5020,0.2836947954682173
traj1,5040,0.2885951788299297
traj1,5060,0.2911488762170068
traj1,5080,0.2889436574320105
traj1,5100,0.2942237149285319
traj1,5120,0.2928201037326616
traj1,5140,0.29525675260964446
traj1,5160,0.28717544981373544
traj1,5180,0.29415540622694636
traj1,5200,0.2985725388634574
traj1,5220,0.28698151131301713
traj1,5240,0.28658640426031
traj1,5260,0.28309288796209525
traj1,5280,0.28462899145355885
traj1,5300,0.27972629861515075
traj1,5320,0.2970725322213157
traj1,5340,0.2846583285554888
traj1,5360,0.29519474288240305
traj1,5380,0.2767853276130028
traj1,5400,0.2930075145984673
traj1,5420,0.2967694147560357
traj1,5440,0.2946560067451063
traj1,5460,0.2758320987139752
traj1,5480,0.29898653930192953
traj1,5500,0.2913432648256895
traj1,5520,0.28982304548202525
traj1,5540,0.2875545177204726
traj1,5560,0.3046557382876043
traj1,5580,0.2971272779387644
traj1,5600,0.29946196950235376
traj1,5620,0.28916974105308973
traj1,5640,0.2996029789337031
traj1,5660,0.2846939011050294
traj1,5680,0.29354344400809956
traj1,5700,0.28084031041305435
traj1,5720,0.28558340639717433
traj1,5740,0.2878434382750765
traj1,5760,0.2872354490101242
traj1,5780,0.2900849522243103
traj1,5800,0.280135344971682
traj1,5820,0.2891693291384471
traj1,5840,0.3036946312981674
traj1,5860,0.2793202074195968
traj1,5880,0.2865855137009027
traj1,5900,0.2845439935426392
traj1,5920,0.2760517850040475
traj1,5940,0.27734194980216664
traj1,5960,0.2833120276348008
traj1,5980,0.2843495696056763
traj1,6000,0.2943900716995924
traj1,6020,0.29252674519755856
traj1,6040,0.29166235056334106
traj1,6060,0.2808376843582147
traj1,6080,0.28669884359650166
traj1,6100,0.29130897521337756
traj1,6120,0.2952378298970454
traj1,6140,0.2947769604813485
traj1,6160,0.27818994609518244
traj1,6180,0.289763799962978
traj1,6200,0.2901224755586374
traj1,6220,0.29274882362966975
traj1,6240,0.2744738555808184
traj1,6260,0.275164812259715
traj1,6280,0.29236780005827695
traj1,6300,0.29273799748183593
traj1,6320,0.285468046892064
traj1,6340,0.2970079967318997
traj1,6360,0.29127151396014445
traj1,6380,0.29754375982678766
traj1,6400,0.28492134538059927
traj1,6420,0.29097804088608786
traj1,6440,0.2874435288325576
traj1,6460,0.2810942440858948
traj1,6480,0.3005200452363084
traj1,6500,0.28679463411349776
traj1,6520,0.2840282358025819
traj1,6540,0.2806570607448116
traj1,6560,0.2806629309889426
traj1,6580,0.29148037927257514
traj1,6600,0.2801713967830558
traj1,6620,0.2878200971123208
traj1,6640,0.281694362862935
traj1,6660,0.2902016578457761
traj1,6680,0.29532275681573905
traj1,6700,0.28417892415603996
traj1,6720,0.2966169605318159
traj1,6740,0.29027212536896607
traj1,6760,0.2862826152220292
traj1,6780,0.28385150957109145
traj1,6800,0.2823539496349657
traj1,6820,0.2891537386281398
traj1,6840,0.2870356299313776
traj1,6860,0.28296403920128854
traj1,6880,0.2831472051429556
traj1,6900,0.2961046866104413
traj1,6920,0.2849013695970128
traj1,6940,0.2754981046490323
traj1,6960,0.2922097676204543
traj1,6980,0.29355065464242847
traj1,7000,0.2852351045238187
traj1,7020,0.27739304645836016
traj1,7040,0.28065460877543796
traj1,7060,0.2918290133135659
traj1,7080,0.2954527244605879
traj1,7100,0.2985760497157049
traj1,7120,0.29999741296998655
traj1,7140,0.29454141627388253
traj1,7160,0.28831906520213574
traj1,7180,0.2917803408068975
traj1,7200,0.29741627054336905
traj1,7220,0.2987452549770859
traj1,7240,0.2981470948427213
traj1,7260,0.2949790990147
traj1,7280,0.2901347601985474
traj1,7300,0.29735809762521653
traj1,7320,0.2944849716564978
traj1,7340,0.2986809302697926
traj1,7360,0.2855093659867903
traj1,7380,0.2739592699681253
traj1,7400,0.28781601789299016
traj1,7420,0.2805502725577581
traj1,7440,0.2920753647821899
traj1,7460,0.2820822578658936
traj1,7480,0.2883465490976611
traj1,7500,0.2860236325482941
traj1,7520,0.2911031487381527
traj1,7540,0.2978041312323134
traj1,7560,0.2914901425683318
traj1,7580,0.2866615642256529
traj1,7600,0.288809408066272
traj1,7620,0.3035457539491146
traj1,7640,0.29225537445263283
traj1,7660,0.2847775887719655
traj1,7680,0.294335464802237
traj1,7700,0.2790728453657776
traj1,7720,0.2923110748057449
traj1,7740,0.29327459130637745
traj1,7760,0.29001422691656137
traj1,7780,0.2822508526753869
traj1,7800,0.2896227553626694
traj1,7820,0.27095477053617656
traj1,7840,0.2882231596387229
traj1,7860,0.2908901584430811
traj1,7880,0.28240867918325147
traj1,7900,0.28436806978156876
traj1,7920,0.2881919662329314
traj1,7940,0.2915860188709092
traj1,7960,0.28463170203388
traj1,7980,0.283944065712575
traj1,8000,0.28432772529367234
traj1,8020,0.29643409836230306
traj1,8040,0.28025202111142483
traj1,8060,0.3006488688927438
traj1,8080,0.28008157854134624
traj1,8100,0.2863374305666599
traj1,8120,0.2890198292469113
traj1,8140,0.2864412005702475
traj1,8160,0.2913445117573022
traj1,8180,0.2935012834925381
traj1,8200,0.28471076583550886
traj1,8220,0.28036584823190525
traj1,8240,0.29301029784642163
traj1,8260,0.28477725537864124
traj1,8280,0.2973919958078913
traj1,8300,0.2878387345654912
traj1,8320,0.29444477591158047
traj1,8340,0.283805176973679
traj1,8360,0.28804362249887955
traj1,8380,0.28144292341025595
traj1,8400,0.2879003634546342
traj1,8420,0.2740117339660731
traj1,8440,0.28600789818661243
traj1,8460,0.29256396901793247
traj1,8480,0.28968415519853463
traj1,8500,0.28611869974013987
traj1,8520,0.2881073403569678
traj1,8540,0.2824630498898824
traj1,8560,0.28654732149187206
traj1,8580,0.2989862915475647
traj1,8600,0.2812323158050278
traj1,8620,0.2858487360040449
traj1,8640,0.2870682782452413
traj1,8660,0.28644147177102003
traj1,8680,0.2886658402917327
traj1,8700,0.28374984870281594
traj1,8720,0.2828901550835254
traj1,8740,0.30026773077069163
traj1,8760,0.29388137868646735
traj1,8780,0.2816268200459171
traj1,8800,0.2991243606994685
traj1,8820,0.2862830594421466
traj1,8840,0.2886678032277525
traj1,8860,0.29722497957405847
traj1,8880,0.2900886536665422
traj1,8900,0.2793983728543812
traj1,8920,0.28317647114656846
traj1,8940,0.29877899857826273
traj1,8960,0.2834115032301984
traj1,8980,0.2970658933538196
traj1,9000,0.29274187349709596
traj1,9020,0.288712496354654
traj1,9040,0.2881906261174796
traj1,9060,0.27982150588747273
traj1,9080,0.2913536816853937
traj1,9100,0.3017316057850815
traj1,9120,0.29461295662739534
traj1,9140,0.2858819915588427
traj1,9160,0.28423154312294896
traj1,9180,0.29058100502102807
traj1,9200,0.2931478758860816
traj1,9220,0.2900216133641318
traj1,9240,0.2901022705611925
traj1,9260,0.293117077754142
traj1,9280,0.2725682912945113
traj1,9300,0.28821160144837604
traj1,9320,0.2979933239007038
traj1,9340,0.28727654343292547
traj1,9360,0.2948164521942407
traj1,9380,0.28749557417272253
traj1,9400,0.3012845060702477
traj1,9420,0.29686368338063845
traj1,9440,0.2924885987722266
traj1,9460,0.29035766095873133
traj1,9480,0.2872334428436777
traj1,9500,0.2856475011782433
traj1,9520,0.30074025195665144
traj1,9540,0.2956445839402159
traj1,9560,0.28266767726360886
traj1,9580,0.29615621991019364
traj1,9600,0.3002836421236842
traj1,9620,0.28685205166136385
traj1,9640,0.29489869537344143
traj1,9660,0.29695422701654967
traj1,9680,0.2940597272672041
traj1,9700,0.290908204902409
traj1,9720,0.2920036588440642
traj1,9740,0.29478688318653806
traj1,9760,0.2965541821679485
traj1,9780,0.2840356786528381
traj1,9800,0.28965909307520943
traj1,9820,0.2868315497185557
traj1,9840,0.289839355700754
traj1,9860,0.3048428941663365
traj1,9880,0.28868383589437496
traj1,9900,0.2975995861409895
traj1,9920,0.2922033283084703
traj1,9940,0.29167872062304073
traj1,9960,0.2932416938889369
traj1,9980,0.2913302691234946
traj1,10000,0.28667141014487874
traj1,10020,0.28758311010338716
traj1,10040,0.2875836844522207
traj1,10060,0.28981895867118856
traj1,10080,0.2964495591392
traj1,10100,0.2786431717774497
traj1,10120,0.27646020051769143
traj1,10140,0.2831231810999949
traj1,10160,0.28856113661421345
traj1,10180,0.2879365701527434
traj1,10200,0.29156546638046565
traj1,10220,0.2847917048756961
traj1,10240,0.2891510137385022
traj1,10260,0.29243825948732804
traj1,10280,0.29119406089279765
traj1,10300,0.2964231096236956
traj1,10320,0.28995500485156356
traj1,10340,0.2957168886945646
traj1,10360,0.29927500099403714
traj1,10380,0.28750053489477573
traj1,10400,0.2816479366596241
traj1,10420,0.29680452684851805
traj1,10440,0.28426184683789874
traj1,10460,0.2857142562664466
traj1,10480,0.2876282515293001
traj1,10500,0.2900583843901262
traj1,10520,0.28313801500052194
traj1,10540,0.28580465904739205
traj1,10560,0.28226232868169204
traj1,10580,0.2845229739371419
traj1,10600,0.2951946248602021
traj1,10620,0.28771989249442864
traj1,10640,0.2896095880234042
traj1,10660,0.2860706834324834
traj1,10680,0.29037910798867794
traj1,10700,0.2757377646900111
traj1,10720,0.2902789418804195
traj1,10740,0.29091297056259713
traj1,10760,0.28451469852800537
traj1,10780,0.28809004756462686
traj1,10800,0.2860147264897009
traj1,10820,0.2867988427626061
traj1,10840,0.2922312065868466
traj1,10860,0.2886253902605825
traj1,10880,0.30309911077930063
traj1,10900,0.2841944741815722
traj1,10920,0.2912146540474247
traj1,10940,0.28590553908315647
traj1,10960,0.29221973528887674
traj1,10980,0.2966897365518601
traj1,11000,0.29369385549379223
traj1,11020,0.2920532449729939
traj1,11040,0.2844531743145478
traj1,11060,0.27614736992994127
traj1,11080,0.28446740234892354
traj1,11100,0.2922972605436826
traj1,11120,0.29790970656494487
traj1,11140,0.28203327692555336
traj1,11160,0.29041677965355367
traj1,11180,0.2962195406833883
traj1,11200,0.27877846347265905
traj1,11220,0.2883143766339787
traj1,11240,0.27739510350578395
traj1,11260,0.28256021205228127
traj1,11280,0.28651972570543865
traj1,11300,0.28014168896986336
traj1,11320,0.28119716324342725
traj1,11340,0.29659724446630176
traj1,11360,0.2866828692466317
traj1,11380,0.2768086559754369
traj1,11400,0.27025197198681905
traj1,11420,0.29201950836208473
traj1,11440,0.28129672960528457
traj1,11460,0.2922850627646354
traj1,11480,0.2739813926923014
traj1,11500,0.2977659814980313
traj1,11520,0.28276535488072174
traj1,11540,0.28680410220652885
traj1,11560,0.29694987346678986
traj1,11580,0.2966689116836536
traj1,11600,0.2768524453978815
traj1,11620,0.3070889814846531
traj1,11640,0.2762488848555514
traj1,11660,0.2799309490220848
traj1,11680,0.2870266264699698
traj1,11700,0.29847584305105673
traj1,11720,0.2807675556416582
traj1,11740,0.2922490651340377
traj1,11760,0.28638003505500126
traj1,11780,0.28838158508165573
traj1,11800,0.29027302103689295
traj1,11820,0.29182004588089033
traj1,11840,0.2779535897791749
traj1,11860,0.28373685275228056
traj1,11880,0.2870172315314118
traj1,11900,0.27942720616150873
traj1,11920,0.289480951661487
traj1,11940,0.27919042992011284
traj1,11960,0.29163562072367927
traj1,11980,0.28710856933573253
traj1,12000,0.28579603896366795
traj1,12020,0.28264717263401123
traj1,12040,0.28215026068601884
traj1,12060,0.2906804996229622
traj1,12080,0.274405915735947
traj1,12100,0.2940398947430076
traj1,12120,0.28141687886261446
traj1,12140,0.2821012776696742
traj1,12160,0.2735940612283899
traj1,12180,0.268109629655974
traj1,12200,0.28347348555308166
traj1,12220,0.2940282335196203
traj1,12240,0.2737708870925231
traj1,12260,0.2868821586713227
traj1,12280,0.290283562912953
traj1,12300,0.2830192101754246
traj1,12320,0.3018230901270468
traj1,12340,0.29023615413102033
traj1,12360,0.27605115503076627
traj1,12380,0.30194346821634627
traj1,12400,0.2921143159098023
traj1,12420,0.2820192978192499
traj1,12440,0.28881080472731013
traj1,12460,0.2854988670033091
traj1,12480,0.28528425548751024
traj1,12500,0.28324031339803596
traj1,12520,0.2952841710756141
traj1,12540,0.27941700079049686
traj1,12560,0.2846350489153061
traj1,12580,0.289894583191036
traj1,12600,0.2807845985836428
traj1,12620,0.289061349867502
traj1,12640,0.28953600020741
traj1,12660,0.2858723851014067
traj1,12680,0.2750711083324823
traj1,12700,0.28916640542715927
traj1,12720,0.29245744687667447
traj1,12740,0.28304806391151893
traj1,12760,0.2885009605753309
traj1,12780,0.2815218252370173
traj1,12800,0.28928050341915507
traj1,12820,0.2838031401419134
traj1,12840,0.2838950235701
traj1,12860,0.2898612391621467
traj1,12880,0.2963741034308387
traj1,12900,0.28756641750984924
traj1,12920,0.28976576039236673
traj1,12940,0.28400197361108503
traj1,12960,0.3017924840181882
traj1,12980,0.28926836347310225
traj1,13000,0.28930569865387445
traj1,13020,0.3126852235817445
traj1,13040,0.28754546004664067
traj1,13060,0.29074029278912006
traj1,13080,0.30550281533850143
traj1,13100,0.2987947058137767
traj1,13120,0.283765851960249
traj1,13140,0.29065803339978374
traj1,13160,0.28214551425322476
traj1,13180,0.2769830170292662
traj1,13200,0.2923609361782423
traj1,13220,0.2860877811863975
traj1,13240,0.27865491708149076
traj1,13260,0.2995989415567422
traj1,13280,0.28092858273571336
traj1,13300,0.28611083736493204
traj1,13320,0.2820693721180987
traj1,13340,0.27795448339799195
traj1,13360,0.29031539804136947
traj1,13380,0.28346486028728074
traj1,13400,0.29370237758122547
traj1,13420,0.2913563029186477
traj1,13440,0.28700466968042704
traj1,13460,0.28707159614020844
traj1,13480,0.28489096826810534
traj1,13500,0.282581989525836
traj1,13520,0.2843508020235726
traj1,13540,0.28844157675199134
traj1,13560,0.2876259415517234
traj1,13580,0.2806930015569883
traj1,13600,0.2883125711573157
traj1,13620,0.298433171381492
traj1,13640,0.29234963373998496
traj1,13660,0.2947015021278601
traj1,13680,0.30892431044980706
traj1,13700,0.29633857381170875
traj1,13720,0.29162739456198267
traj1,13740,0.2770884936279913
traj1,13760,0.2948999526293598
traj1,13780,0.2875336476527794
traj1,13800,0.2951060502892947
traj1,13820,0.2884692242622952
traj1,13840,0.2846438413026675
traj1,13860,0.29244146091221546
traj1,13880,0.28509041963862936
traj1,13900,0.2815623522288152
traj1,13920,0.28257108198468156
traj1,13940,0.2920513541578137
traj1,13960,0.2716225863429262
traj1,13980,0.29528111885862457
traj1,14000,0.29191974504821494
traj1,14020,0.2832285272313723
traj1,14040,0.2866297362844777
traj1,14060,0.28495240342220496
traj1,14080,0.28311952369395493
traj1,14100,0.29442559080280906
traj1,14120,0.3006190254935164
traj1,14140,0.27708950744832556
traj1,14160,0.2914583744327234
traj1,14180,0.27767696903881967
traj1,14200,0.29152619596498974
traj1,14220,0.2921182412378632
traj1,14240,0.2908310093697623
traj1,14260,0.284004934656629
traj1,14280,0.2888493081597667
traj1,14300,0.29708006130221637
traj1,14320,0.29984897194882937
traj1,14340,0.27808645706808094
traj1,14360,0.2826170749364402
traj1,14380,0.2933865946858156
traj1,14400,0.2956857120500432
traj1,14420,0.2928331566948749
traj1,14440,0.2844607165576326
traj1,14460,0.2927004259325347
traj1,14480,0.2961162845899869
traj1,14500,0.28899286855693523
traj1,14520,0.295082204427305
traj1,14540,0.29150999244911757
traj1,14560,0.27731263976598003
traj1,14580,0.2792161371621147
traj1,14600,0.28944763195628814
traj1,14620,0.28245015851341887
traj1,14640,0.2857356059033823
traj1,14660,0.29235905885697
traj1,14680,0.2985807682522914
traj1,14700,0.2981302109361564
traj1,14720,0.2873781884329829
traj1,14740,0.28724889139584514
traj1,14760,0.2825460805765927
traj1,14780,0.3035941599851009
traj1,14800,0.28961656550137066
traj1,14820,0.2937470394043895
traj1,14840,0.30232810751765926
traj1,14860,0.28082987448959207
traj1,14880,0.2977935973283237
traj1,14900,0.303753342107513
traj1,14920,0.29363608876181546
traj1,14940,0.2921825776072191
traj1,14960,0.2881651502117197
traj1,14980,0.2966072456245498
traj1,15000,0.2844866807897677
traj1,15020,0.29423802646031766
traj1,15040,0.28582185870348437
traj1,15060,0.29061484889926625
traj1,15080,0.27526970730445866
traj1,15100,0.28554569908356076
traj1,15120,0.28193014342201406
traj1,15140,0.2852959502154381
traj1,15160,0.29236624760650853
traj1,15180,0.2905922665779193
traj1,15200,0.29106436948248504
traj1,15220,0.29016401307139394
traj1,15240,0.2872944771438306
traj1,15260,0.2933276866020004
traj1,15280,0.2820968156423075
traj1,15300,0.2806966325336806
traj1,15320,0.28231522802321457
traj1,15340,0.29304349396807483
traj1,15360,0.28221238998721154
traj1,15380,0.28560186729925285
traj1,15400,0.30043248872752937
traj1,15420,0.2756488946198106
traj1,15440,0.28770603926448207
traj1,15460,0.28731857172483044
traj1,15480,0.2742218770263356
traj1,15500,0.2803004092803688
traj1,15520,0.2771641647728737
traj1,15540,0.28859058712430896
traj1,15560,0.2892127837757758
traj1,15580,0.29549485222551486
traj1,15600,0.2856318328143666
traj1,15620,0.29667023864343245
traj1,15640,0.27905908704713106
traj1,15660,0.28961847355802584
traj1,15680,0.27941898340189153
traj1,15700,0.3015455399699315
traj1,15720,0.2843681994138293
traj1,15740,0.283465804442093
traj1,15760,0.2759265050796023
traj1,15780,0.2801206335724911
traj1,15800,0.28558727897221864
traj1,15820,0.277286071044284
traj1,15840,0.2894378332216826
traj1,15860,0.2827907336244045
traj1,15880,0.2938884284399631
traj1,15900,0.27992159663342187
traj1,15920,0.27652339267766846
traj1,15940,0.2824273973054891
traj1,15960,0.29268637843236484
traj1,15980,0.2871369918671789
traj1,16000,0.2887995164804584
traj1,16020,0.2823560008385002
traj1,16040,0.29792542794255955
traj1,16060,0.2847484794925943
traj1,16080,0.28387943042655955
traj1,16100,0.2899464105965834
traj1,16120,0.28752697703646696
traj1,16140,0.28562532765124116
traj1,16160,0.2919895296772487
traj1,16180,0.29713117029599184
traj1,16200,0.2896751219103579
traj1,16220,0.2827996451021003
traj1,16240,0.29687730828932696
traj1,16260,0.2917126525493823
traj1,16280,0.2770447162865268
traj1,16300,0.28627389746643234
traj1,16320,0.28337467148806716
traj1,16340,0.28465646276863865
traj1,16360,0.2883803375413657
traj1,16380,0.27735697730608344
traj1,16400,0.29314900715305986
traj1,16420,0.2785541860119842
traj1,16440,0.27953814004519983
traj1,16460,0.29097786828819955
traj1,16480,0.28945790482969436
traj1,16500,0.27846700584987083
traj1,16520,0.28384297696271393
traj1,16540,0.28956144347848944
traj1,16560,0.29110615752259145
traj1,16580,0.2907417481466178
traj1,16600,0.28135113860420113
traj1,16620,0.27499363620678957
traj1,16640,0.28992062977705346
traj1,16660,0.2828343361444638
traj1,16680,0.2867014070969819
traj1,16700,0.2813825191784703
traj1,16720,0.284844796576036
traj1,16740,0.2877498090731188
traj1,16760,0.28296471104366455
traj1,16780,0.27822190583172485
traj1,16800,0.2946304416876384
traj1,16820,0.27917335123546966
traj1,16840,0.28550081015920215
traj1,16860,0.2843602573477702
traj1,16880,0.2879981177593636
traj1,16900,0.29998480194830546
traj1,16920,0.27638436733340954
traj1,16940,0.2896968158598655
traj1,16960,0.29129557625997055
traj1,16980,0.2971087228987127
traj1,17000,0.2776376581957198
traj1,17020,0.27906305514009566
traj1,17040,0.2798684038544463
traj1,17060,0.29142910019530416
traj1,17080,0.2786397326006283
traj1,17100,0.28865024257596456
traj1,17120,0.28792620601764934
traj1,17140,0.272815261224548
traj1,17160,0.2780733792715169
traj1,17180,0.2848576835552673
traj1,17200,0.289995893850029
traj1,17220,0.28908552502569035
traj1,17240,0.2891253534584094
traj1,17260,0.27533350926806055
traj1,17280,0.2680634862651696
traj1,17300,0.29492343719303776
traj1,17320,0.28271003334616984
traj1,17340,0.2864723855801429
traj1,17360,0.2797587623987597
traj1,17380,0.2904698902813105
traj1,17400,0.2822410283462887
traj1,17420,0.2866441790650189
traj1,17440,0.2907545931890805
traj1,17460,0.29502408342090725
traj1,17480,0.2898066140413925
traj1,17500,0.30294207853663585
traj1,17520,0.2811598974021718
traj1,17540,0.29528475438791085
traj1,17560,0.2763757388549004
traj1,17580,0.282130593874957
traj1,17600,0.2848504999262145
traj1,17620,0.2935794198462439
traj1,17640,0.2891333063872486
traj1,17660,0.2875494389512841
traj1,17680,0.28715596199011345
traj1,17700,0.2896659928262929
traj1,17720,0.28879070233552234
traj1,17740,0.29116071235410595
traj1,17760,0.28234927470255794
traj1,17780,0.28312255116739227
traj1,17800,0.2886049947380549
traj1,17820,0.2801235196597484
traj1,17840,0.2981852738453804
traj1,17860,0.2870260237824614
traj1,17880,0.28594452141819987
traj1,17900,0.2860445114022582
traj1,17920,0.28443894674369324
traj1,17940,0.28188528993532586
traj1,17960,0.28120364124435276
traj1,17980,0.2926402157030751
traj1,18000,0.2910601505458556
traj1,18020,0.2866598786140151
traj1,18040,0.28978127575081836
traj1,18060,0.2936656262535671
traj1,18080,0.29251445733289066
traj1,18100,0.28088383293019326
traj1,18120,0.28736035884544425
traj1,18140,0.28567887949904114
traj1,18160,0.29974140763631263
traj1,18180,0.2845505950097025
traj1,18200,0.28815942279752277
traj1,18220,0.30229584604046755
traj1,18240,0.2922878783936776
traj1,18260,0.2945142768099909
traj1,18280,0.28716054954148973
traj1,18300,0.27504878701924035
traj1,18320,0.27639009222865024
traj1,18340,0.29516244677155495
traj1,18360,0.28547243015203577
traj1,18380,0.2772615544379981
traj1,18400,0.2801313862040651
traj1,18420,0.28960035932625305
traj1,18440,0.28190992422075417
traj1,18460,0.2954087714742247
traj1,18480,0.2898571063664573
traj1,18500,0.2903152980302275
traj1,18520,0.2825339632714699
traj1,18540,0.2860996298664755
traj1,18560,0.28014431190613404
traj1,18580,0.2852618169345464
traj1,18600,0.2887906524863626
traj1,18620,0.2991456516216212
traj1,18640,0.2961793171391889
traj1,18660,0.2916796021362595
traj1,18680,0.28831989521021734
traj1,18700,0.28972118730100743
traj1,18720,0.2840581901004203
traj1,18740,0.2762378889426992
traj1,18760,0.29628652858070925
traj1,18780,0.28998778945822673
traj1,18800,0.2987355943999579
traj1,18820,0.29144512747213613
traj1,18840,0.2927671916163072
traj1,18860,0.2773666477728833
traj1,18880,0.28868709314185237
traj1,18900,0.29153080682675264
traj1,18920,0.28419075580221503
traj1,18940,0.2785635842359313
traj1,18960,0.28750729735560887
traj1,18980,0.29624538603515527
traj1,19000,0.29014620136301267
traj1,19020,0.292129702117256
traj1,19040,0.29030199312930893
traj1,19060,0.2818790123952999
traj1,19080,0.2952464452772059
traj1,19100,0.29181888938095313
traj1,19120,0.2982758324311428
traj1,19140,0.2877476292444573
traj1,19160,0.28348498814854095
traj1,19180,0.290413223667965
traj1,19200,0.29058957496094867
traj1,19220,0.2792617885585783
traj1,19240,0.2906956753451694
traj1,19260,0.287765958622416
traj1,19280,0.28673054181397334
traj1,19300,0.2806264105691433
traj1,19320,0.2988848737359624
traj1,19340,0.2836622719278753
traj1,19360,0.29648614405378415
traj1,19380,0.29289866916008445
traj1,19400,0.2874383399253267
traj1,19420,0.28506613878105047
traj1,19440,0.2837468392703068
traj1,19460,0.2842996814586799
traj1,19480,0.28146677321190494
traj1,19500,0.28394079689491264
traj1,19520,0.29461001096406964
traj1,19540,0.29335532134585357
traj1,19560,0.29800450587803773
traj1,19580,0.28916414056847617
traj1,19600,0.2898243136816518
traj1,19620,0.28976231114876405
traj1,19640,0.29281608818745936
traj1,19660,0.28820931246639303
traj1,19680,0.2903776103179767
traj1,19700,0.28258945681278963
traj1,19720,0.29002650245205414
traj1,19740,0.28986763625507195
traj1,19760,0.2938263596669889
traj1,19780,0.2892735828947671
traj1,19800,0.28567565662928923
traj1,19820,0.2940460607364255
traj1,19840,0.2893608410586436
traj1,19860,0.2967648050409088
traj1,19880,0.28507818442272836
traj1,19900,0.27583914535690485
traj1,19920,0.28401153169678994
traj1,19940,0.29094127058300934
traj1,19960,0.3039127173005673
traj1,19980,0.28192877997113996
traj2,0,0.0
traj2,100,1.7209768411202508
traj2,200,1.6454308119577001
traj2,300,2.2344864867730894
traj2,400,1.965494161098383
traj2,500,2.2716112804794393
traj2,600,2.037806102403578
traj2,700,2.0787255114600116
traj2,800,1.8968021771370192
traj2,900,2.316028316982111
traj2,1000,2.3566394153224377
traj2,1100,2.099141452789215
traj2,1200,2.1356938954775204
traj2,1300,2.199966618407726
traj2,1400,2.6707894154754728
traj2,1500,2.478492255824648
traj2,1600,2.476491317739364
traj2,1700,2.4962114972482983
traj2,1800,2.6922212202919527
traj2,1900,2.5066470333825475
traj2,2000,2.554627279422748
traj2,2100,2.507216062921382
traj2,2200,2.9090629083454935
traj2,2300,3.298843128322352
traj2,2400,3.043321681030241
traj2,2500,3.412864240995776
traj2,2600,3.725764577625216
traj2,2700,3.7055993930334137
traj2,2800,4.3502347956860286
traj2,2900,4.449004477743974
traj2,3000,5.293860242977779
traj2,3100,5.498895675296137
traj2,3200,5.884506334307338
traj2,3300,6.137528298802495
traj2,3400,6.287822923145347
traj2,3500,6.001592748988033
traj2,3600,5.881198840812415
traj2,3700,5.928419635450574
traj2,3800,6.03984014462512
traj2,3900,6.158227373491996
traj2,4000,6.556613716557854
traj2,4100,6.453398494342246
traj2,4200,6.776421184608095
traj2,4300,7.226603715683472
traj2,4400,7.093828656025476
traj2,4500,6.877998821700381
traj2,4600,6.4467624615971735
traj2,4700,6.6884216342146265
traj2,4800,6.878149402272902
traj2,4900,6.803193747774795
traj2,5000,6.788171118641485
traj2,5100,6.941530900144841
traj2,5200,6.831431197449791
traj2,5300,6.986110960124877
traj2,5400,6.897611023840059
traj2,5500,6.926518900266863
traj2,5600,6.441613208828376
traj2,5700,6.8179782416977615
traj2,5800,6.824455589683318
traj2,5900,6.7083543173271485
traj2,6000,7.096545189486806
traj2,6100,6.771010304463814
traj2,6200,6.937599589085529
traj2,6300,7.008945337524937
traj2,6400,7.1283802185574325
traj2,6500,7.3324257061639075
traj2,6600,7.025263372236282
traj2,6700,6.58973196116984
traj2,6800,6.978337470116755
traj2,6900,7.0722999415788035
traj2,7000,7.026126701748445
traj2,7100,6.810342163665082
traj2,7200,6.981581715166656
traj2,7300,6.981170086181255
traj2,7400,7.13856811013625
traj2,7500,7.19340625253402
traj2,7600,7.097310125525094
traj2,7700,7.158908599628282
traj2,7800,7.020214336905738
traj2,7900,6.860448238329674
traj2,8000,7.10921549314946
traj2,8100,6.974954732013844
traj2,8200,6.724216034611208
traj2,8300,7.016090239068704
traj2,8400,6.736484457099617
traj2,8500,6.861047020082166
traj2,8600,6.909431077449385
traj2,8700,6.809343378243748
traj2,8800,6.315054950552084
traj2,8900,6.829855711589646
traj2,9000,6.727725381072364
traj2,9100,5.947299997740375
traj2,9200,6.011846441039449
traj2,9300,6.206660095832856
traj2,9400,6.385403160325317
traj2,9500,6.913746374236984
traj2,9600,7.073063061127888
traj2,9700,7.000239896030338
traj2,9800,7.036672520652738
traj2,9900,6.511787407180838
traj2,10000,6.863841934948376
traj2,10100,6.56396528927682
traj2,10200,7.087310600288641
traj2,10300,6.387082057756178
traj2,10400,6.642431733613869
traj2,10500,6.7610801964403615
traj2,10600,6.753805621317341
traj2,10700,6.724968450572131
traj2,10800,7.239910121168248
traj2,10900,7.133749217185002
traj2,11000,6.853642262095021
traj2,11100,6.871703120925627
traj2,11200,6.906314637482886
traj2,11300,6.7912517921810345
traj2,11400,6.687754663056761
traj2,11500,6.573910472476388
traj2,11600,6.53876657228021
traj2,11700,6.558063940213089
traj2,11800,6.825477717110817
traj2,11900,6.829696808754852
traj2,12000,6.745128535087971
traj2,12100,6.762653325909519
traj2,12200,6.420390320991858
traj2,12300,6.730207659077369
traj2,12400,6.311270624644138
traj2,12500,6.2941429437809555
traj2,12600,6.153104607699279
traj2,12700,6.397579547869258
traj2,12800,5.756873719214846
traj2,12900,6.2656477849092305
traj2,13000,5.939628362096099
traj2,13100,6.22278890997349
traj2,13200,6.186793933448476
traj2,13300,6.152159804533229
traj2,13400,6.197286816084149
traj2,13500,5.898359477352347
traj2,13600,6.301278628582296
traj2,13700,6.181626625765004
traj2,13800,6.3369781783836885
traj2,13900,6.263478576873101
traj2,14000,6.46158913492094
traj2,14100,6.32873865820336
traj2,14200,6.757581816821465
traj2,14300,6.721661489001639
traj2,14400,6.622563438522294
traj2,14500,6.351030963870591
traj2,14600,6.100509478519951
traj2,14700,6.400580527701196
traj2,14800,6.2785078882771925
traj2,14900,6.433544901914055
traj2,15000,6.326230254757382
traj2,15100,6.297645328998146
traj2,15200,6.481630432380369
traj2,15300,6.352008028494999
traj2,15400,6.7093488788135245
traj2,15500,6.404547826067726
traj2,15600,6.320994747612532
traj2,15700,5.903698549273696
traj2,15800,5.516963158479899
traj2,15900,6.301374249502024
traj2,16000,6.307230541358777
traj2,16100,6.159837525086777
traj2,16200,6.419396601710007
traj2,16300,6.32436651506136
traj2,16400,6.317428938732374
traj2,16500,6.065518645596683
traj2,16600,6.782277423187114
traj2,16700,6.232551940112023
traj2,16800,6.070606983711266
traj2,16900,6.39810397916061
traj2,17000,6.389614694384959
traj2,17100,6.415003481684083
traj2,17200,6.483412517832637
traj2,17300,6.323923157861908
traj2,17400,6.407056889058724
traj2,17500,6.055623160058015
traj2,17600,5.921111674689981
traj2,17700,5.997953395396711
traj2,17800,5.866061002913605
traj2,17900,5.893272110629011
traj2,18000,6.180412218115142
traj2,18100,6.005081874763926
traj2,18200,6.3084618787104025
traj2,18300,6.207135964397393
traj2,18400,5.86498050471553
traj2,18500,5.996085116793984
traj2,18600,5.7903642180547275
traj2,18700,5.771822410561795
traj2,18800,6.441850922156753
traj2,18900,6.4507521459668515
traj2,19000,6.700811523620726
traj2,19100,6.002369675929918
traj2,19200,6.368081381015066
traj2,19300,6.43371143210923
traj2,19400,6.721230343207432
traj2,19500,6.905263171514145
traj2,19600,6.546184649862871
traj2,19700,6.292318609197504
traj2,19800,6.723275979881008
traj2,19900,6.7236662276818935
traj2,20000,6.2927042427743025
traj2,20100,6.855467377165524
traj2,20200,6.212984357845975
traj2,20300,6.146345904176408
traj2,20400,6.244027419473456
traj2,20500,6.765223404179657
traj2,20600,6.5079276951040335
traj2,20700,6.362778431471995
traj2,20800,6.621497314648289
traj2,20900,6.918964041125302
traj2,21000,6.370118542914859
traj2,21100,6.323262664950985
traj2,21200,6.460996626258715
traj2,21300,6.442358328190917
traj2,21400,6.656454451582602
traj2,21500,6.599223449345156
traj2,21600,6.563795293705868
traj2,21700,6.5439628755960415
traj2,21800,6.505265999417207
traj2,21900,6.9486453131434445
traj2,22000,6.613978615780156
traj2,22100,6.8081938577237455
traj2,22200,6.764537458821945
traj2,22300,6.398354969442621
traj2,22400,6.385233439511741
traj2,22500,6.853625225048293
traj2,22600,6.476572618442213
traj2,22700,6.359565862820176
traj2,22800,6.508846249164105
traj2,22900,6.604117325236085
traj2,23000,6.839461155423366
traj2,23100,6.8828863043581245
traj2,23200,6.92665797137498
traj2,23300,6.96842944143332
traj2,23400,6.697391399923926
traj2,23500,7.0146708035218985
traj2,23600,6.990970409952269
traj2,23700,6.6815138431357335
traj2,23800,6.854218440050267
traj2,23900,6.899607741994991
traj2,24000,6.631528811312731
traj2,24100,6.715141550733476
traj2,24200,6.3680325969979155
traj2,24300,6.136398808723363
traj2,24400,6.128164966565514
traj2,24500,6.327455730658264
traj2,24600,6.281965251721376
traj2,24700,6.17318661787368
traj2,24800,6.004679728669066
traj2,24900,6.507950505202577
traj2,25000,6.309413094996226
traj2,25100,5.958793577552185
traj2,25200,5.848563509556707
traj2,25300,6.06032124944885
traj2,25400,5.750715757889457
traj2,25500,5.862374903894682
traj2,25600,5.793943276182584
traj2,25700,6.01207574451208
traj2,25800,6.069041002727051
traj2,25900,5.9696856622818135
traj2,26000,5.964655692132319
traj2,26100,5.764434769105613
traj2,26200,6.057437472987036
traj2,26300,6.333282767328888
traj2,26400,5.977837521852984
traj2,26500,6.1650308243636776
traj2,26600,6.387772257943621
traj2,26700,6.19186047555871
traj2,26800,6.094033668123746
traj2,26900,6.679742263958188
traj2,27000,6.8040543317622415
traj2,27100,7.021164521713471
traj2,27200,7.225476606990574
traj2,27300,7.447457928035617
traj2,27400,6.89202534538156
traj2,27500,6.913100122605411
traj2,27600,7.179342694748251
traj2,27700,7.107480269733063
traj2,27800,7.103623471005689
traj2,27900,6.422238908396713
traj2,28000,6.507776592914112
traj2,28100,7.145417259940399
traj2,28200,7.228622273674003
traj2,28300,7.1898311779174
traj2,28400,6.814734168585515
traj2,28500,7.041101386457089
traj2,28600,6.654548049868827
traj2,28700,7.102533794949843
traj2,28800,6.955127075649516
traj2,28900,7.246859534675627
traj2,29000,6.931546372917639
traj2,29100,6.448264081890119
traj2,29200,6.8090210677301135
traj2,29300,6.984230046837057
traj2,29400,7.018649292379116
traj2,29500,6.577379020589966
traj2,29600,7.01036854974888
traj2,29700,6.899822759317786
traj2,29800,6.865729006154159
traj2,29900,6.5803892820682774
traj2,30000,6.50534285958837
traj2,30100,6.6558087615210075
traj2,30200,6.881708857780488
traj2,30300,6.893860968164257
traj2,30400,6.710163808871589
traj2,30500,7.003769991105868
traj2,30600,6.7297006924445295
traj2,30700,6.645507001975756
traj2,30800,7.160773106107968
traj2,30900,6.888241024259505
traj2,31000,7.151436102161772
traj2,31100,6.7977473748772645
traj2,31200,6.864969252133992
traj2,31300,6.79049571629327
traj2,31400,6.51944685847361
traj2,31500,6.653899644948554
traj2,31600,6.69158187412146
traj2,31700,6.9866635551785565
traj2,31800,6.860712487341123
traj2,31900,6.602908252819467
traj2,32000,6.542488046363936
traj2,32100,6.6255746856854305
traj2,32200,6.865879357739369
traj2,32300,6.754518072165753
traj2,32400,6.832467044082168
traj2,32500,6.80862894462084
traj2,32600,6.858949128269743
traj2,32700,6.679738501787156
traj2,32800,6.5791376400002015
traj2,32900,6.358442099030672
traj2,33000,6.351448042269352
traj2,33100,6.283925432326836
traj2,33200,6.469027266835153
traj2,33300,6.401698753718995
traj2,33400,6.243633798358541
traj2,33500,6.393159743541381
traj2,33600,6.307255474129215
traj2,33700,6.147214535976486
traj2,33800,6.339794000443163
traj2,33900,6.4834770094562995
traj2,34000,6.660391179218032
traj2,34100,6.613272897271267
traj2,34200,7.023190096993915
traj2,34300,6.015384333465389
traj2,34400,6.316370885559157
traj2,34500,6.2010563668354495
traj2,34600,5.978613621736989
traj2,34700,6.446385547932795
traj2,34800,6.677479303865092
traj2,34900,6.228264431898747
traj2,35000,6.330765399603672
traj2,35100,6.329415058442652
traj2,35200,6.260207100581938
traj2,35300,5.927669895540548
traj2,35400,6.323361023382447
traj2,35500,6.617229469288781
traj2,35600,6.681182698529058
traj2,35700,6.5030808158964595
traj2,35800,6.14707633390953
traj2,35900,5.970150402171651
traj2,36000,5.464443004801711
traj2,36100,5.3785536506294696
traj2,36200,5.875786139172407
traj2,36300,6.1527067063506315
traj2,36400,6.086591499314065
traj2,36500,6.147268638549305
traj2,36600,5.418747623550517
traj2,36700,5.441303567196364
traj2,36800,5.766523325523994
traj2,36900,5.667629491700107
traj2,37000,6.1913054895450825
traj2,37100,6.038117955361816
traj2,37200,5.982312931806045
traj2,37300,5.652055344433623
traj2,37400,6.2834463518173305
traj2,37500,6.063486817297035
traj2,37600,5.711185096372222
traj2,37700,5.451370772196077
traj2,37800,5.387677450839751
traj2,37900,5.347508225303409
traj2,38000,5.489472659878075
traj2,38100,5.6684982979031275
traj2,38200,6.107584063174465
traj2,38300,5.920651476760367
traj2,38400,6.085844395690387
traj2,38500,6.059062230292422
traj2,38600,6.2667605169418055
traj2,38700,6.222965262952035
traj2,38800,6.351979295505383
traj2,38900,6.702730254825166
traj2,39000,6.770266839895869
traj2,39100,6.267371345036887
traj2,39200,6.564831828832276
traj2,39300,6.410263554646945
traj2,39400,6.258900966167379
traj2,39500,6.516276084621531
traj2,39600,6.220770189159563
traj2,39700,6.453905617470623
traj2,39800,6.627912670404521
traj2,39900,6.695265209075952
traj2,40000,6.501506788210081
traj2,40100,6.507202588918825
traj2,40200,6.335877024791182
traj2,40300,6.295012736859163
traj2,40400,6.436954652450229
traj2,40500,5.9990174353557935
traj2,40600,6.334456959840811
traj2,40700,6.439012617524559
traj2,40800,6.218596608615168
traj2,40900,5.9671546530943305
traj2,41000,6.502459838159976
traj2,41100,6.424003036576066
traj2,41200,6.184111222574237
traj2,41300,6.29068057570932
traj2,41400,5.889683967610504
traj2,41500,6.09706313551277
traj2,41600,6.068879652802585
traj2,41700,6.3557940485046585
traj2,41800,6.43975822489994
traj2,41900,6.410578508298438
traj2,42000,6.2043084481815525
traj2,42100,6.349304648092962
traj2,42200,6.139306337833297
traj2,42300,6.4757441561212294
traj2,42400,6.2336777527704585
traj2,42500,6.53380205643163
traj2,42600,6.452018628464726
traj2,42700,6.559279164228886
traj2,42800,6.381166560609837
traj2,42900,6.319594169226877
traj2,43000,6.209156424928139
traj2,43100,6.37205706537807
traj2,43200,6.565379116965292
traj2,43300,6.6612966705294685
traj2,43400,6.330364929035519
traj2,43500,6.429404339019302
traj2,43600,6.254366846872326
traj2,43700,6.452810095814917
traj2,43800,6.523814003332829
traj2,43900,6.442013242320353
traj2,44000,6.441202112418268
traj2,44100,6.514455939040858
traj2,44200,6.650984700938315
traj2,44300,6.537345619420769
traj2,44400,6.371203889734449
traj2,44500,6.396646679399219
traj2,44600,6.573032987782142
traj2,44700,6.40720135022102
traj2,44800,6.570908681157796
traj2,44900,7.623424798070487
traj2,45000,7.420565194132876
traj2,45100,8.290706407580057
traj2,45200,9.042740450804251
traj2,45300,10.181523064539062
traj2,45400,10.437852819339309
traj2,45500,11.161877319937298
traj2,45600,12.360308722815688
traj2,45700,12.603900820106217
traj2,45800,13.859937988396283
traj2,45900,13.84910713460693
traj2,46000,15.132166919258045
traj2,46100,15.391381625252562
traj2,46200,15.104187389369335
traj2,46300,15.950572956437151
traj2,46400,15.745300023187722
traj2,46500,15.334172762309619
traj2,46600,16.11205316681155
traj2,46700,16.166763984705124
traj2,46800,16.37772521867555
traj2,46900,17.287869155634805
traj2,47000,16.824567399163083
traj2,47100,17.31687668634384
traj2,47200,16.646333913120092
traj2,47300,16.929991159310585
traj2,47400,17.20130664790324
traj2,47500,17.887707479634862
traj2,47600,18.74393449990355
traj2,47700,20.11308615807349
traj2,47800,21.56937761517386
traj2,47900,22.16764245319828
traj2,48000,23.109720109734937
traj2,48100,22.677401428856935
traj2,48200,22.43072991855896
traj2,48300,23.558584880193465
traj2,48400,23.722576648668912
traj2,48500,23.351701132732245
traj2,48600,24.33521407498024
traj2,48700,24.752113422431314
traj2,48800,26.042263564458004
traj2,48900,27.901996211808022
traj2,49000,29.537827416224882
traj2,49100,29.962133118056517
traj2,49200,31.887436184680087
traj2,49300,32.27887138994858
traj2,49400,32.376660160968385
traj2,49500,34.11686649857805
traj2,49600,34.074686319319795
traj2,49700,35.01632443659698
traj2,49800,36.01241482532655
traj2,49900,36.63662143898361
traj2,50000,37.79099205053344
traj2,50100,38.53869068924268
traj2,50200,38.74123371896083
traj2,50300,39.0503945998598
traj2,50400,39.18473391325863
traj2,50500,39.67261237042324
traj2,50600,40.46416747237892
traj2,50700,40.37445513050006
traj2,50800,40.39074940957599
traj2,50900,40.64428463718862
traj2,51000,40.419820804803955
traj2,51100,40.20217639203944
traj2,51200,40.38881667998196
traj2,51300,40.22477345869426
traj2,51400,39.93366051226141
traj2,51500,40.82518813416063
traj2,51600,40.49704416081109
traj2,51700,40.57331092465929
traj2,51800,40.9168698377756
traj2,51900,40.481557135867526
traj2,52000,40.611664231812554
traj2,52100,41.01603535371663
traj2,52200,40.604411257502534
traj2,52300,40.64833269002334
traj2,52400,40.44827418542044
traj2,52500,40.312626640138284
traj2,52600,40.34533117927643
traj2,52700,40.84687600755729
traj2,52800,41.306961064950826
traj2,52900,41.15550556770875
traj2,53000,40.513649173651416
traj2,53100,40.988465342947265
traj2,53200,40.94198596675436
traj2,53300,40.38357942717878
traj2,53400,40.72702139194233
traj2,53500,40.783172160766114
traj2,53600,41.21633899667538
traj2,53700,41.2636100147339
traj2,53800,40.35590158695427
traj2,53900,40.66103035613618
traj2,54000,41.11470190002426
traj2,54100,41.1634836092876
traj2,54200,41.61205195903277
traj2,54300,41.33696726314764
traj2,54400,42.09284961557099
traj2,54500,40.946173097906986
traj2,54600,41.78732259176558
traj2,54700,41.63305026463015
traj2,54800,41.71409678696594
traj2,54900,42.21021476889404
traj2,55000,42.69879350997269
traj2,55100,42.470592204237775
traj2,55200,43.551525884126406
traj2,55300,43.31176451688963
traj2,55400,42.61596031144282
traj2,55500,41.945890330811196
traj2,55600,42.17487678999187
traj2,55700,42.27830882597728
traj2,55800,42.2745515007942
traj2,55900,42.12666021806131
traj2,56000,42.39856041256742
traj2,56100,41.8074032874481
traj2,56200,42.03783670841736
traj2,56300,42.11619339848831
traj2,56400,41.57291144381927
traj2,56500,42.33138556659415
traj2,56600,42.574481224708286
traj2,56700,42.19572763282579
traj2,56800,42.67699748652397
traj2,56900,42.71507591737846
traj2,57000,42.45000713380774
traj2,57100,42.54047530977204
traj2,57200,42.339341821510864
traj2,57300,42.998969219800344
traj2,57400,42.08348272742203
traj2,57500,41.20220448329327
traj2,57600,41.966459067795356
traj2,57700,41.093258356480526
traj2,57800,41.44489718197985
traj2,57900,41.23675491600089
traj2,58000,41.46326671649987
traj2,58100,41.5823587181038
traj2,58200,41.315410122530956
traj2,58300,41.13503716256658
traj2,58400,41.82156937727485
traj2,58500,41.73990535522903
traj2,58600,42.107110903673565
traj2,58700,41.97152684513241
traj2,58800,41.508261078704635
traj2,58900,41.53136874408649
traj2,59000,40.73650221670104
traj2,59100,40.70005926217401
traj2,59200,41.05755545447069
traj2,59300,41.56478186916399
traj2,59400,41.31889219138213
traj2,59500,41.72238120457035
traj2,59600,41.20498589101952
traj2,59700,41.92109783389558
traj2,59800,41.91307332963413
traj2,59900,42.42010319475805
traj2,60000,42.37771927221485
traj2,60100,42.22124175007963
traj2,60200,41.93591702164873
traj2,60300,41.523435000608664
traj2,60400,42.593953893700906
traj2,60500,42.025226836200034
traj2,60600,41.954434692361524
traj2,60700,41.867581037302116
traj2,60800,41.85158183271535
traj2,60900,41.5634034753705
traj2,61000,41.65006967992983
traj2,61100,41.74169947709017
traj2,61200,42.81270549294115
traj2,61300,43.11838898304844
traj2,61400,43.10742579016475
traj2,61500,43.91947772203602
traj2,61600,43.72908952812168
traj2,61700,42.80495515318456
traj2,61800,43.47438116849837
traj2,61900,43.828714565698895
traj2,62000,43.80132936559171
traj2,62100,43.90817480711191
traj2,62200,42.7647512861186
traj2,62300,43.53386445189547
traj2,62400,42.37529465343723
traj2,62500,42.553584243385345
traj2,62600,43.025977102088895
traj2,62700,42.29679263790381
traj2,62800,43.097878253010556
traj2,62900,42.84342225031513
traj2,63000,43.55200302114745
traj2,63100,43.32716630720909
traj2,63200,44.30318018124855
traj2,63300,42.72538875599137
traj2,63400,43.1652903776844
traj2,63500,42.974302277927805
traj2,63600,43.18798259927658
traj2,63700,43.1645914001844
traj2,63800,42.9681737342744
traj2,63900,43.07069423929848
traj2,64000,43.36905523897246
traj2,64100,43.663860632733964
traj2,64200,43.61430556863914
traj2,64300,43.26839147886846
traj2,64400,43.83985123024442
traj2,64500,43.03706006499
traj2,64600,43.76944037027886
traj2,64700,44.121502043202085
traj2,64800,43.33617287752886
traj2,64900,43.30143288220478
traj2,65000,43.95313376790669
traj2,65100,43.57899862394557
traj2,65200,44.24756827103035
traj2,65300,43.694255182302484
traj2,65400,43.885699988905955
traj2,65500,43.56905703562188
traj2,65600,43.45729107843034
traj2,65700,43.70607167686878
traj2,65800,44.339988798579164
traj2,65900,43.26162354749457
traj2,66000,42.814257935180265
traj2,66100,43.18789280150032
traj2,66200,43.95648078937277
traj2,66300,44.13452091320227
traj2,66400,43.90001726994792
traj2,66500,43.704576106391755
traj2,66600,42.85015779888327
traj2,66700,43.350944263764156
traj2,66800,44.22559876138246
traj2,66900,44.52880484618493
traj2,67000,44.87921069588141
traj2,67100,44.42910430779517
traj2,67200,44.34937066417112
traj2,67300,44.1535862212723
traj2,67400,43.774563487266505
traj2,67500,43.96882236820095
traj2,67600,44.60303218338533
traj2,67700,44.4528746905549
traj2,67800,44.005471677834336
traj2,67900,44.42670238517633
traj2,68000,43.81420910595862
traj2,68100,44.047534789341675
traj2,68200,43.452451664976785
traj2,68300,43.214809372031134
traj2,68400,43.060409201711856
traj2,68500,43.849434714225836
traj2,68600,43.79628539355955
traj2,68700,44.17533170123735
traj2,68800,44.371309940226006
traj2,68900,44.47606858178652
traj2,69000,44.78021539825015
traj2,69100,44.48193091666059
traj2,69200,44.35675448100424
traj2,69300,44.6795847406554
traj2,69400,44.959521015018886
traj2,69500,44.33532853611527
traj2,69600,44.60914369097982
traj2,69700,43.851502082766814
traj2,69800,44.30600896933269
traj2,69900,44.252415828470234
traj2,70000,44.767507333455185
traj2,70100,44.96749069973744
traj2,70200,44.42455948993719
traj2,70300,44.186562098557225
traj2,70400,44.20385463031061
traj2,70500,44.54498744677125
traj2,70600,44.39680599461928
traj2,70700,44.52962196088194
traj2,70800,44.198556539916375
traj2,70900,43.93463077333856
traj2,71000,44.25412011159922
traj2,71100,44.00268146823037
traj2,71200,44.34865247081273
traj2,71300,44.254989320451024
traj2,71400,44.47654083530889
traj2,71500,44.2158759181275
traj2,71600,44.23388821211082
traj2,71700,44.740496994879045
traj2,71800,45.32282006513826
traj2,71900,45.1495702904444
traj2,72000,44.658012937158304
traj2,72100,45.45247189206493
traj2,72200,45.238408283922794
traj2,72300,45.25869618481421
traj2,72400,45.28858191530733
traj2,72500,45.12977428301491
traj2,72600,45.458225871934374
traj2,72700,44.94905770071075
traj2,72800,44.72195235667892
traj2,72900,45.005498594258185
traj2,73000,44.906637136844445
traj2,73100,44.66454631795639
traj2,73200,44.725389192389784
traj2,73300,44.239682865583546
traj2,73400,43.87987015384573
traj2,73500,44.184821049963
traj2,73600,44.237363615765446
traj2,73700,44.32796475384588
traj2,73800,44.06702238883961
traj2,73900,43.98742000759935
traj2,74000,44.033708497602554
traj2,74100,44.08929788134649
traj2,74200,44.10315929666411
traj2,74300,44.68021618426133
traj2,74400,44.43041733772418
traj2,74500,44.541416985965746
traj2,74600,44.57789637874482
traj2,74700,44.19906533318537
traj2,74800,44.65744833309745
traj2,74900,44.58617741258811
traj2,75000,44.5992295057699
traj2,75100,44.313694883358544
traj2,75200,44.92139386944344
traj2,75300,44.55727095590816
traj2,75400,44.59940672357348
traj2,75500,44.28990514169124
traj2,75600,44.391634888464345
traj2,75700,44.508018563102
traj2,75800,44.419354324941445
traj2,75900,44.223192635902954
traj2,76000,44.27891443388973
traj2,76100,44.63999909776608
traj2,76200,44.4227494130466
traj2,76300,44.39874805558258
traj2,76400,44.424049634415454
traj2,76500,43.96489344786621
traj2,76600,44.42342037670975
traj2,76700,44.506160249053885
traj2,76800,44.848103741606806
traj2,76900,44.436716430170314
traj2,77000,44.68772253650809
traj2,77100,43.9943934517724
traj2,77200,44.68233417378021
traj2,77300,44.17446020657435
traj2,77400,44.22278103836508
traj2,77500,43.81606486863516
traj2,77600,43.747117764372824
traj2,77700,44.01331523551142
traj2,77800,43.88805574281537
traj2,77900,44.28263296314368
traj2,78000,44.011144215859524
traj2,78100,44.32098450442387
traj2,78200,44.745548667625556
traj2,78300,44.52884339057949
traj2,78400,44.345929326689095
traj2,78500,44.16602141642518
traj2,78600,44.72994160483366
traj2,78700,44.29497181266042
traj2,78800,44.21707087518975
traj2,78900,44.5013632975714
traj2,79000,44.28685653957176
traj2,79100,44.23388686750356
traj2,79200,44.6020923270329
traj2,79300,44.727469625701346
traj2,79400,45.12875514504305
traj2,79500,44.397743088919796
traj2,79600,44.91950645381097
traj2,79700,44.876221835501006
traj2,79800,44.86267945785548
traj2,79900,44.814798699354185
traj2,80000,45.06460337586681
traj2,80100,44.96323687728242
traj2,80200,45.06731498594159
traj2,80300,45.49101722850374
traj2,80400,45.64545840667654
traj2,80500,45.08031000120851
traj2,80600,45.53526838119612
traj2,80700,45.89035765564153
traj2,80800,45.861576237752146
traj2,80900,46.266907182710234
traj2,81000,46.53948329623473
traj2,81100,46.44082961397681
traj2,81200,46.452770721314835
traj2,81300,45.94486410947788
traj2,81400,46.06076212873371
traj2,81500,46.36279389179143
traj2,81600,45.48784345241524
traj2,81700,45.61491534523263
traj2,81800,45.787050297098745
traj2,81900,46.01702428455142
traj2,82000,45.950215839030726
traj2,82100,45.9302382492969
traj2,82200,45.94677240578732
traj2,82300,45.86386152270046
traj2,82400,46.147831213187295
traj2,82500,45.785116363272465
traj2,82600,45.61359259840344
traj2,82700,45.765054470265895
traj2,82800,46.20794237096279
traj2,82900,45.259619818180546
traj2,83000,45.76181956452386
traj2,83100,45.71438040336116
traj2,83200,45.772157580896945
traj2,83300,45.67295694918212
traj2,83400,45.6247269002615
traj2,83500,46.29356481059948
traj2,83600,45.94762567967218
traj2,83700,45.792911846710254
traj2,83800,46.04038525257623
traj2,83900,45.650623646691095
traj2,84000,45.74887809975941
traj2,84100,45.83636039571628
traj2,84200,45.60624722586942
traj2,84300,45.588439141413716
traj2,84400,45.91713881314647
traj2,84500,45.62638747318835
traj2,84600,45.323475269505074
traj2,84700,45.28796889082195
traj2,84800,45.07563644893106
traj2,84900,45.08927058998162
traj2,85000,45.31609987381394
traj2,85100,45.57373444871473
traj2,85200,45.75676948198485
traj2,85300,45.672720314979564
traj2,85400,45.904974841248645
traj2,85500,45.899415082316935
traj2,85600,45.52421142961811
traj2,85700,45.683446829827794
traj2,85800,46.103055170082655
traj2,85900,46.32015129980364
traj2,86000,46.82122505500518
traj2,86100,46.473143754499226
traj2,86200,46.12037375111579
traj2,86300,46.61543184129855
traj2,86400,46.49474804716539
traj2,86500,46.703440424207486
traj2,86600,46.444717929111256
traj2,86700,46.7995592390066
traj2,86800,47.01321676705473
traj2,86900,47.198015701692945
traj2,87000,47.27968073615135
traj2,87100,48.17075696000181
traj2,87200,47.64607156318401
traj2,87300,47.93511831895109
traj2,87400,48.63804345159728
traj2,87500,48.77910323023273
traj2,87600,48.562942211684884
traj2,87700,48.09928377500849
traj2,87800,48.26915411981853
traj2,87900,48.55135751250013
traj2,88000,48.04262861735109
traj2,88100,48.879354572399926
traj2,88200,48.24066597555734
traj2,88300,48.041182625489064
traj2,88400,47.475855618424184
traj2,88500,48.29587992705477
traj2,88600,48.40223511919866
traj2,88700,48.11562467446105
traj2,88800,47.96165589680257
traj2,88900,47.74330841525002
traj2,89000,47.66435664151002
traj2,89100,47.32195242739883
traj2,89200,48.38992047062173
traj2,89300,48.01008098590927
traj2,89400,48.03369860138779
traj2,89500,48.35027511706989
traj2,89600,48.592601387223056
traj2,89700,48.384436660045246
traj2,89800,49.706115972485236
traj2,89900,50.02545953171804
traj2,90000,49.91741386735949
traj2,90100,50.57426510208942
traj2,90200,50.78470331539326
traj2,90300,51.023984192994824
traj2,90400,50.901321936719604
traj2,90500,50.502406700277746
traj2,90600,50.374551987297465
traj2,90700,50.916968393783634
traj2,90800,50.66506992336637
traj2,90900,50.97632216585612
traj2,91000,50.51948549235515
traj2,91100,51.52365791835094
traj2,91200,51.74520333610225
traj2,91300,51.53826696434425
traj2,91400,51.23683225716173
traj2,91500,52.19049218041738
traj2,91600,51.989398797447876
traj2,91700,52.71728042669536
traj2,91800,53.391286610578824
traj2,91900,53.10994246249057
traj2,92000,52.656291903792926
traj2,92100,53.84068674902874
traj2,92200,55.6924843327371
traj2,92300,57.05946019195978
traj2,92400,57.63366293643813
traj2,92500,58.46371940394242
traj2,92600,58.851810724699085
traj2,92700,60.01832320864801
traj2,92800,60.38677469253338
traj2,92900,60.6549405114353
traj2,93000,63.32477431817939
traj2,93100,63.93591351391624
traj2,93200,64.81718814158391
traj2,93300,64.93094594960986
traj2,93400,64.91648703419149
traj2,93500,65.40748290270606
traj2,93600,67.00160997076588
traj2,93700,67.36349225514186
traj2,93800,68.56027842060223
traj2,93900,68.47513985373406
traj2,94000,71.4395762751051
traj2,94100,72.31823332344814
traj2,94200,71.9339988111224
traj2,94300,72.68331132608346
traj2,94400,75.33060376756777
traj2,94500,76.93620530968025
traj2,94600,78.31570698897394
traj2,94700,78.6577039074074
traj2,94800,79.32106936444498
traj2,94900,79.72458053202483
traj2,95000,81.2240100811669
traj2,95100,82.25247432298163
traj2,95200,82.14382873952451
traj2,95300,84.62557577715468
traj2,95400,84.62804871891055
traj2,95500,85.53628501873115
traj2,95600,86.18715557795947
traj2,95700,86.87742489082434
traj2,95800,87.86964960360298
traj2,95900,89.30001339556392
traj2,96000,89.87112141140722
traj2,96100,91.22193116892774
traj2,96200,91.41156604359321
traj2,96300,92.59088355842
traj2,96400,93.62020834966717
traj2,96500,91.78418472988993
traj2,96600,93.31802817335267
traj2,96700,93.69357970634606
traj2,96800,92.41615946087147
traj2,96900,93.71242974577571
traj2,97000,96.69817804578369
traj2,97100,98.18448974996572
traj2,97200,98.62779007114379
traj2,97300,100.24555456367275
traj2,97400,101.33582098889062
traj2,97500,101.29898602034308
traj2,97600,102.60094476691594
traj2,97700,102.83511526792813
traj2,97800,103.87291648425989
traj2,97900,103.29005549627378
traj2,98000,104.67611747611357
traj2,98100,105.62636407042011
traj2,98200,106.91640269752371
traj2,98300,107.72079048722497
traj2,98400,108.20423681213187
traj2,98500,110.32363119032436
traj2,98600,112.07325672034999
traj2,98700,112.65969220540173
traj2,98800,117.85431192365482
traj2,98900,119.3825001860857
traj2,99000,120.7934943196133
traj2,99100,121.06019189855769
traj2,99200,121.08674423414578
traj2,99300,122.72264115709606
traj2,99400,124.72147507527754
traj2,99500,125.12768538642175
traj2,99600,127.10892524003738
traj2,99700,129.56045115250018
traj2,99800,130.44448179707933
traj2,99900,132.96979109206129
