resid,resname,mean bb dih,std bb dih,std1 bb dih,std2 bb dih,mean sc dih,std sc dih,std1 sc dih,std2 sc dih
2,GLY,2.671211193921232,33.56820454705083,28.976006541046576,37.527381833855934,0.0,0.0,0.0,0.0
3,PRO,-7.85931147970586,80.43047354593752,57.24582998399174,96.20723682794147,0.0,0.0,0.0,0.0
4,ARG,-4.991484151750813,124.30393933027453,139.1648705634203,105.79276715783062,-46.608107252280604,84.9456187636873,61.762190608911105,101.59120009671781
5,PHE,-40.540838030635356,87.73186062662145,76.2461019871338,89.53307470430471,-24.23542972476205,116.45789173539539,104.88525687198984,126.73593333977773
6,LEU,-35.21448513697003,56.77355807062839,18.688519768091055,77.8318122065251,-52.59076894052758,75.43113912690217,65.42223236065347,84.2469360207643
7,LYS,-20.76602825338542,83.78279719426125,34.15245487029711,111.55158462074158,-52.1596206807358,90.63204036405018,89.51449551499505,91.60488426230933
8,VAL,-34.894227024275985,73.28865974720344,89.34022078209452,52.53942202576314,2.50828088196147,118.88212847835297,114.8930804281174,122.71603514706604
9,LYS,-33.53533691100803,55.58782109165957,23.03863129869093,75.11282637638145,-46.07751496748108,110.06682032034463,106.04411145369335,113.43615646549168
10,ASN,-23.40700189821815,66.53145345206175,16.539297383279298,91.71520271855739,-48.624528135654735,128.20895067371282,151.9118728097952,98.62894326903447
11,TRP,64.14807816385411,105.0371168593208,79.61352640912041,84.33396986876147,-27.654897491758565,110.15816214783452,99.4354772612081,119.19509646865916
12,GLU,37.507841828123446,127.67215266740662,128.87840447434922,108.48567321200278,-26.44731905825059,117.43112914403441,130.88277194362493,102.13307567926843
13,THR,-26.148146052467972,56.17937715484818,52.522143070366994,57.73219374659918,-14.336246054985539,118.83420189269559,125.49694769856521,111.36767317237764
14,ASP,21.051595206641654,151.05520551267418,159.8822603012656,127.83868911617354,-29.915877601749273,78.43848923981528,73.2591072267511,78.0164378878685
15,VAL,25.093305802807524,99.8646607853673,46.23520253072214,97.8397873926769,17.60930538967134,129.4394811152155,143.49358152438126,110.54107807591558
16,VAL,23.41449157684871,99.23299351474577,15.57768309394477,103.55888587061465,14.70350913313484,125.68603108639245,126.19140828769486,124.40987874293552
17,LEU,15.539192028168593,103.33151072215043,21.22254814864581,116.88984829705021,-37.75563537729952,104.8773297730506,121.26401887080769,80.9709492521723
18,THR,2.947484487814694,128.68239305291266,115.63376626017019,139.86599499499255,-10.64294083675644,78.20554280824393,74.27040116556698,79.72041426089058
19,ASP,-24.624530133692694,104.3282392694692,52.37923951374422,137.14388721002862,-61.209561304963636,117.17570454626707,140.99246228091755,82.76401828421912
20,THR,70.88192382567338,139.2490405806196,130.0508763276521,142.71373475886134,8.369627772822376,72.7817120062838,63.58361484078349,77.58523791919062
21,LEU,80.41105646175873,108.3012219784944,31.54510314786538,120.839270683621,-37.949002393057306,141.7326189494794,165.87754705463811,107.8759716646987
22,HID,76.20237078888505,113.80661355536171,57.16771519354702,113.65772996075877,15.144687570230897,97.06936059606713,57.013370475409126,101.77864368276018
23,LEU,57.49402025219771,114.14175559032081,86.41288758134044,88.72626035412043,-57.19979930741149,72.91382129224979,55.18658267320365,87.10169438682571
24,LYS,-22.93245616511923,132.27880234001904,158.29703789214753,97.77368038253661,-51.68293155024746,82.20903500846369,49.72632385921703,103.44071614871739
25,SER,-16.150834104780923,72.06569710988745,24.081141728520898,95.63012586819534,-2.9656496474971648,111.05213909970298,108.32150751921098,113.0876166023263
26,THR,-18.477789567272097,83.09678580267698,80.54632047785458,85.40403957722204,-14.759347152000508,100.52851129475455,102.90013374731379,97.00011608479426
27,LEU,-10.659037668109695,89.59123919599998,86.02292586839432,92.49085056974387,-57.47436099254019,84.29145738530973,81.01651460434992,87.44049087382761
28,GLU,-32.167500419674944,79.51220544102596,63.74618795813339,92.492283685645,-34.580908535590545,117.43108242105727,122.60771626402715,111.99093572436904
29,THR,19.609549315001463,101.78432980170471,106.999353354963,87.83355361877737,-25.004422999383266,104.62156564129155,101.44838782362905,106.74748792183993
30,GLY,-5.5211334540586225,79.13948196690845,87.97397792177694,69.138564285386,0.0,0.0,0.0,0.0
31,CYS,-33.11832889903576,51.78050421463631,43.82674763225743,58.503084824111006,-50.85404128508451,117.118422748018,120.26612616672932,113.31572839461869
32,THR,-7.133739164417301,94.0736168558782,102.89475281547134,81.22668222408845,-17.7845419971195,101.54113348118793,102.23689816489859,99.87067132464709
33,GLU,35.453295983630554,120.29819509383184,120.14873323044363,100.50157354393036,-25.050969957268038,112.1551901112699,117.1115433081173,106.89000289832876
34,HIE,11.680569725504828,118.15928272057418,137.31689467107407,84.09609754716062,-19.7243416473384,116.93761831018426,108.53197293116509,124.76971376647805
35,ILE,-7.249908277314928,86.99783744483423,100.53090909583501,56.136797718983395,-62.41417656382402,88.40050779009756,91.90212466723062,81.80409554145422
36,CYS,-7.123911456188705,100.67942104696006,118.79145345290456,67.70772629441862,-37.97786625711284,114.72436370318584,109.26925217238383,119.84245588053727
37,MET,-19.2479354553229,91.64207820600014,110.43795545031497,67.52967179023642,-41.23212166984605,97.11605713618279,95.91982887029097,98.07942621441867
38,GLY,-0.6474097598306321,85.02506651479199,102.50647296984967,62.145857339400436,0.0,0.0,0.0,0.0
39,SER,-11.785460648663578,105.72236260167996,134.6623802810718,62.59553117551982,-28.798351375673146,111.87020329001572,99.83108365944962,122.30755449753262
40,ILE,2.867595394990765,86.35775327883512,94.08979328369239,65.6618740274994,-56.798428628373806,76.46586328052803,58.90552676621106,88.52141635544923
41,MET,-31.25282251502609,102.58322548276797,131.13946683172728,61.913593415447544,-33.82979842107599,106.05653244522594,92.72046054673035,113.66980642113117
42,LEU,-46.729837406358335,24.13554678873033,24.291121494283278,23.978952436482004,-66.3362200001576,73.80146155056299,74.28094170709548,73.27676710083782
43,PRO,-20.919916744119895,49.797723274797654,43.68409726233792,54.97695265377201,0.0,0.0,0.0,0.0
44,SER,-20.303396539740817,85.80849133389323,101.27544034768938,66.84522043775347,-28.397494763286318,119.56606516173166,117.80519365868324,121.14342636701689
45,GLN,-20.623841915442252,82.88237757053095,94.3889997745552,68.50917008920104,-26.36737759337687,100.38625194869124,103.65831472690016,96.9297980795133
46,HIE,27.171763826945014,115.22438753769605,132.84262238437796,64.25464229064951,-18.057253608331205,119.20646825198098,108.86420751732744,128.2191588633386
47,THR,-25.848863644205302,54.73769298133149,19.52433183353455,74.50081918432949,-43.81141991604856,106.91801602834116,106.50072506668415,103.70467819894571
48,ARG,-50.61315051758599,44.38117203607927,42.70031888194899,40.371896594207506,-54.20782520180885,93.43066204927014,78.29647145580594,103.37979081486525
49,LYS,-30.62760816537492,17.229343987897106,11.733388653601349,18.780221428931288,-8.285692825214298,96.52284949592061,78.55266922629407,107.82035594524802
50,PRO,12.384505953005831,88.17686130990239,110.90706115169222,38.292269227550044,0.0,0.0,0.0,0.0
51,GLU,-17.822938044139963,50.43039841336766,17.403958328367597,69.13211050583507,-23.452174003963435,100.4643160653603,100.91167488334132,93.688407169736
52,ASP,-42.04188608982429,62.098734451877796,43.059329003974405,75.55348048273312,-61.28988459306516,75.13314437834927,55.127030748353135,89.70280774500836
53,VAL,-28.34417639608043,49.78025030601113,13.866530766743827,68.98819936257891,-5.270686842733352,114.61365363131135,103.39482923270012,124.1395479964099
54,ARG,-34.16824619451883,45.94369749372141,14.501830301039519,61.994264076103086,-48.498151736815196,84.02039462924715,68.6889808931734,96.77245926279852
55,THR,-26.16923629629174,20.028494841156007,10.877512517428007,24.560268958593593,5.872058290355497,98.03868894501647,69.98065119707894,109.00048446548051
56,LYS,57.61997859784074,96.41934901225622,13.18030891960114,83.16171521312289,-15.034136951076624,95.10987100590263,91.57873015192432,96.90329648330962
57,ASP,58.50909974163557,115.27101444781668,84.68446762794346,93.2996300519402,-23.902743585535486,75.50171932399324,69.55339726975802,79.84594941377684
58,GLN,78.65977957972217,104.678788055001,60.152474663059714,108.36817423292219,-47.344622272261454,96.1163108422693,94.18871787683334,94.82375874653314
59,LEU,97.17005213293544,92.91975549732504,9.262403376802807,118.57070600918071,-49.39036426806141,141.62511784946267,160.15149972762742,120.26805182868918
60,PHE,109.58767689684788,60.41542691813803,8.2343342886444,78.9659218415619,-6.609711213083942,163.4328135609896,172.00207644700538,153.59571179125078
61,PRO,117.23193681784879,72.98874893394887,27.235172608388293,93.0226378689658,0.0,0.0,0.0,0.0
62,LEU,114.9778740410801,64.93672177884025,9.224838744349315,85.12577680707327,-61.57368647793424,53.93906209983172,38.362960044432185,65.92812569294637
63,ALA,107.11384157008366,69.76589235248133,8.635792014007587,91.55739143481674,-15.705614731053256,107.66640276799872,106.9301347911374,108.10191859401127
64,LYS,109.99350686165359,68.87216143125883,9.103394723371855,92.10811348964303,-36.46207739155976,142.26605565969697,143.97036140422622,137.65409406416188
65,GLU,116.50046106208512,73.35371692085229,26.76445423451522,94.15228043472372,-49.634861260619815,132.22189774190159,134.7421176472787,128.78001083103732
66,PHE,118.17204457478039,52.344522829319,9.119699275456867,70.93127269064172,89.2271780218562,134.226758021289,117.81090446949972,141.54704030030697
67,LEU,120.96126759237995,68.51296918028864,9.667490905510618,91.90573605071698,-70.20427709907685,49.68782223897477,24.16500427638884,65.97738803744372
68,ASP,125.60363008674572,46.81134510505972,10.918810336911372,63.7376482576065,-62.07537174874707,56.085871829735915,48.97041365629558,61.731350621452094
69,GLN,121.47350061569598,56.661857162775036,10.044096729232157,77.00614595902988,-34.76476731895574,119.36269940055234,117.74146879590973,120.85646136557882
70,TYR,112.72999815128584,46.807016778543904,7.959055215922249,64.12792305198933,70.76341407331,148.53230644878965,148.94533309496856,146.7050279157605
71,TYR,134.54255712951226,53.96408591550627,16.779675983886776,71.85876609985773,-78.69318250623894,33.679112755048145,7.63613380957149,46.55161595978806
72,SER,126.30574642675973,48.40510215425886,11.258267049055538,65.27929374418002,-22.08208498074369,110.63464618846947,106.31944926468945,114.62310818674919
73,SER,123.39412546310302,57.1645316783868,30.90333975141513,72.4897633829229,-41.19170856008661,115.71666177223526,111.44677661041365,119.49876559085084
74,ILE,-81.53431414049672,142.02120712155047,145.65333440114009,138.10107915007603,38.81049693597057,69.79433786306603,65.07034217341817,73.79479038472402
75,LYS,-113.86929142178788,71.21290517662217,60.82013584676727,79.09408513930994,-77.72922255266312,66.71861915873819,60.080061616744246,71.52616195535751
76,ARG,-126.32600980872095,82.25178522952487,51.76696428646585,100.4388375827586,-84.32012641244428,60.92342874922549,48.602925601990826,70.66364871284645
77,PHE,-40.484523611101835,14.92707202351688,9.714314748025133,18.564780994358035,-34.12484129636778,162.1529320003919,166.86674170932082,157.23927073493712
78,GLY,-26.035291175767878,158.21328017944532,163.0517025429127,152.20136625969698,0.0,0.0,0.0,0.0
79,SER,-19.84958965627653,11.731384831133896,9.029046370917277,13.809606167779329,50.34482518970853,73.17147445441636,46.967272162136105,91.23809534974596
80,LYS,124.7560892750182,49.78142869616731,9.195480629348454,67.13255035128611,-67.18853101519082,138.1215776482818,141.8161671418065,133.7072690349179
81,ALA,125.96119762805306,49.62420341213963,17.237505005940275,65.96117320829417,-2.7166303737484876,111.46513580662771,111.8250129475601,111.0509194188019
82,HIE,117.65403260196476,43.92788202151462,8.139426573043378,59.27448127043685,-40.25655650759937,164.04563479199874,163.39220661237076,163.49555914600123
83,MET,126.36715324731033,46.46944203175446,10.035339601506147,62.945330600621624,-64.41684837277265,77.03638799821722,64.59981638231226,86.62454550484799
84,ASP,127.75464011091687,52.03778811770237,10.063609220377097,69.89689188234719,-70.55799880569072,56.62175068210446,40.26688478634758,69.2143014596613
85,ARG,124.64563474456637,49.865903200959075,8.294550252445514,67.6998955133219,-68.78312466877837,151.84189143610217,161.72375839536613,141.03995338727142
86,LEU,126.02341292832052,53.39374592966864,10.701754089935235,71.70444403268701,-58.289258941554294,104.09926564073794,127.70327966809283,71.25510665415649
87,GLU,125.66327903037379,54.066332391635235,10.019121121157042,73.2215060362302,-55.14647661281812,132.32457458001875,141.64215652070678,122.27302609099502
88,GLU,117.55377228101324,58.83755633062405,11.02199131888506,79.22052999541782,-13.980201085485282,154.91750307089703,164.41304358478314,143.2292180219482
89,VAL,118.97644888785094,59.71632609412574,9.10968461417155,81.30478163340177,97.80635380944776,117.09278100190807,89.33641475698083,125.23286917814059
90,ASN,118.91224001620883,59.87445489571504,10.552873638097632,80.95797054577123,-69.59415921448598,142.58087386187228,149.20154622080898,135.5331143163897
91,LYS,122.95524177114501,62.05022243105535,10.177599857600928,83.23027280875378,-64.30313937331815,105.65820620219806,107.32608656274608,103.7511440125265
92,GLU,116.03537596623728,57.26365229415522,9.208035893467198,76.81256711315386,-92.62520746550797,93.54934686326992,82.23721798298759,100.5804561366312
93,ILE,112.01703307094984,67.47143645660861,9.469503113214028,88.20852028707249,-59.908359745293026,48.7454661460609,35.55435922554285,59.05960492772515
94,GLU,105.15338030353392,89.87240165455036,53.89982120841729,107.48352136418217,-33.134692870464164,142.9733672032754,152.69654905994932,132.38098256703424
95,SER,117.42011452543608,84.3870164839436,40.38671125481917,105.54570237916737,-6.299311111605776,110.73748866157965,110.83961469935443,109.61089872273806
96,THR,12.664822643401793,158.63910058778723,171.26184329747733,144.87210967154363,29.548983648442473,75.1118013601658,37.413675862709894,92.69283733875018
97,SER,-63.18081791578802,138.074349726513,141.5616640889044,131.13307541118675,-51.11489417426965,76.02055241485499,49.987554145371654,94.56539417341277
98,THR,-8.70068817436341,43.86411742228687,14.482195710789702,60.22338568557085,-108.36672581468643,102.6446441325202,59.59290797028159,118.7546337086598
99,TYR,-23.460511908963156,37.37469729200664,16.42604783292729,48.14695496615924,57.476493690302725,80.31701402237239,22.486898605188514,107.96094635883448
100,GLN,-47.69319735946289,26.56557465254464,14.751381120908865,34.51947637658167,-43.693071813816985,96.74624777978447,86.91406692105296,104.46780787272712
101,LEU,-36.14399844281925,21.44768824256156,9.18410508133761,28.809455006906777,-59.103991932263725,49.50895820103873,23.348864173935798,65.6323244581789
102,LYS,-23.042173723967725,16.235173391268393,9.486058864458904,20.542309716886994,-61.58748895418624,49.94616619817,18.550772631221996,68.15389722798717
103,ASP,122.2037939113388,49.9803396350634,26.379860792899297,64.06892650075773,22.799509072044007,63.67521719673906,57.13265376004742,69.60515534529681
104,THR,129.8530285430903,58.16907030571635,27.31490523311235,75.92720771154072,23.53794578136642,70.52689996180023,41.21377679282689,87.93804918282072
105,GLU,127.00645365554902,48.57790296616835,8.599470356234951,66.9006805857981,-59.51433476608703,44.152415751224055,13.92074606589911,60.099525719415674
106,LEU,125.94552021011935,44.80673776370343,8.262696043639217,61.91636607045527,-47.70203381127115,155.94436621795865,165.0316516388311,146.27536252872181
107,ILE,125.83575489142906,34.79036058231035,8.645974982830554,47.906541680898975,-68.25424958855398,45.9522587893847,20.61117286193129,61.63098229258312
108,TYR,126.27258365028887,31.9844808090264,8.502041578038405,43.80474261055287,107.61483036705144,117.09815240377421,97.6476924338336,127.13148549017092
109,GLY,125.54442103891614,35.43959480003242,10.650855935648734,48.27541912782632,0.0,0.0,0.0,0.0
110,ALA,133.07203507906527,33.36884315213843,9.675871764611145,45.73667627514748,-3.2509812040705555,105.8329739806307,108.14543264808917,103.46438570814152
111,LYS,127.89819848873375,28.26107295091651,8.195935901744619,38.74440014290862,-71.31503804617034,30.08857197190349,10.193916658337793,41.17329015373421
112,HID,134.75153223128947,31.690641609579092,9.248239561629704,42.86520950119116,-95.72711120333365,88.6166195869763,43.320057473959295,117.19656633993684
113,ALA,134.3021707487905,28.06367833412442,9.35335193621516,38.35457736521782,-2.1328675144025246,107.34339295779245,106.99535468621903,107.52637515570495
114,TRP,133.64256906343147,26.030032241358082,8.531612765842345,35.72606065450434,-136.89214745197788,94.6180366453492,101.25761169140117,87.44906730066147
115,ARG,135.73673866937398,38.52851641308147,8.857884925843702,53.33240387961271,-128.84412137797702,101.18811297519636,67.3162445988075,122.17738519046361
116,ASN,88.33024136433143,140.3749360625593,133.29087960621848,146.00059366926902,-53.320960130866894,40.32351337886248,8.58271417504831,54.578811497914664
117,ALA,-77.55660747970259,21.023741107757647,11.098487541218981,27.248826894511932,-12.123974749795783,107.6759218819034,108.00369610871083,107.26570301072263
118,SER,141.75736998438623,35.23323088013176,10.135005691875177,48.64814774514334,-14.63654623151145,109.56989595015462,116.24590499716018,99.75586642853138
119,ARG,105.10128739984476,125.72561218026429,122.14650924825179,128.64308154714317,-63.538719370386985,46.59792015072497,28.500112069695355,59.413766130958045
120,CYS,-51.03286403716307,38.00605910720769,12.706705334817508,52.21189122486034,-55.397282150863134,140.1083445998153,149.26775229934785,130.16703045408065
121,VAL,133.79201931218182,49.05137375945187,24.113203725146214,64.02392328922731,16.780643835221728,131.04521454916863,130.50410063917886,131.09129362922633
122,GLY,41.64654072598116,150.11381262251632,147.42369849046696,152.23804154172268,0.0,0.0,0.0,0.0
123,ARG,-1.5506499978914972,166.56503441115876,166.88342714335616,165.14484284911128,23.35051849246777,77.9503767972351,80.27357663566335,74.19771309004028
124,ILE,132.55416649882244,60.214404055772924,36.83006558587925,75.73877859672122,-40.14323089683549,92.57334331675061,103.03782046451337,78.06858045094741
125,GLN,-128.07863937155219,70.98605083320399,72.84902650478769,68.66925730392512,-48.09728793180247,55.34036028554026,39.97021312173902,66.99598616387121
126,TRP,139.37650574597646,33.35088178722813,10.412885139791111,45.472950363852384,65.14695412246763,26.15242390969424,8.608408576863727,35.809052693375875
127,SER,138.7263345881552,72.83040568207528,51.635372570654724,87.87085603765313,18.627030877778562,99.46066470639717,91.66212194155233,105.84970268988457
128,LYS,0.8157444561713982,162.96128457823337,166.80533433253848,158.848760382191,-70.38807892297193,54.4604827468285,47.755807486327846,60.25565721747253
129,LEU,-59.37105987637844,18.264607409909452,11.297729535711579,23.20369178761226,-10.452091647060033,168.26247225197528,170.55635570452512,165.49679053472926
130,GLN,-55.43794043501026,22.17767141965898,12.83080580452603,28.565860395578788,70.23950378760799,146.00177131116197,132.52466382464945,153.8297525422935
131,VAL,-65.45788441335236,16.428901252132068,14.0119692401914,18.25565741144052,-20.17599363554675,168.2409874857282,172.01695733963243,164.36034625997894
132,PHE,-64.39151321049687,19.84835396526016,15.814674799769607,23.176319379265735,-62.46700298910028,25.503830391266753,8.978499967837015,34.788602969245424
133,ASP,-59.95796132355864,47.109497659360166,15.265051369395803,64.4073989187231,-26.97632521350457,159.01953331172703,167.14907596418715,149.18947397687396
134,ALA,-143.46156617973273,53.470659875957026,40.163814321201315,62.537928197314464,-17.093738824386662,104.69492079704837,103.76110961880903,105.60736833520485
135,ARG,116.36028149984584,105.91029810750182,99.90442050932532,109.38600451459372,-60.00813897741327,42.20989840370494,8.967211202233445,58.90013900472976
136,ASP,45.827519267585714,158.0899848634963,141.63488760291094,160.9861336770191,-10.100328326058825,84.84299129614307,80.81947177549951,83.09336787984807
137,CYS,-43.22359937039648,51.29892871553859,10.503752268619433,71.56684059625992,-82.68275316265779,135.16224938390403,142.13839582657067,127.13393450492042
138,THR,78.35142336142967,143.4410364633143,142.4987397003893,144.16346532265464,29.849269402033528,72.03744401048613,64.57197946644871,78.30595576209731
139,THR,-28.54356912174662,12.085336878910576,10.009518318345597,13.85165881050981,40.6605700616044,92.43683393990179,76.52043407083951,104.73505824570256
140,ALA,142.33346556438974,9.997050641077573,8.77576267064287,11.062994497493532,-7.700903305903077,111.7530266663039,115.01896707431138,108.10874341245504
141,HIE,140.01138911631227,14.529954833536799,9.768828346127162,18.05379304264042,-28.67986085993631,140.15624124851223,148.833420549447,130.66666082805924
142,GLY,132.31021063819992,10.510092575572836,10.078832788972525,10.903721158158318,0.0,0.0,0.0,0.0
143,MET,134.4416152554595,9.140089817539039,8.323687956765964,9.888207423436414,-56.6595061272795,99.57980384025694,82.24423802199426,114.31380067466496
144,PHE,132.766175943446,9.421320490009487,8.144002647897869,10.508450118203518,72.80940314990062,152.17029480940238,137.73108663451984,162.18902052881023
145,ASN,133.95566635129813,10.395875612067384,9.039632305904558,11.532489582422244,-71.7850215154868,99.05355363542726,80.97234144115392,113.8723212329299
146,TYR,139.71651564904516,10.372604546818124,9.366279292898852,11.201929974481713,-86.07415123151813,17.90153367480334,10.763346016073642,22.914306706480847
147,ILE,135.3183279050844,8.475721197095579,8.02158593913939,8.888925501258122,-76.3770071292507,9.773842581340501,7.809011925622041,11.404475108347171
148,CYS,132.79928323109277,27.825457921834417,21.793241804909368,32.76048241412061,-65.89125086412088,55.96820531830037,34.134493856526994,71.32158382939377
149,ASN,136.7929763966928,10.84571269026827,10.310107292614108,11.313891182733496,-61.782003972010905,116.40578956540799,126.48719196294897,104.93695653034253
150,HIE,127.30896654461354,9.640241373000505,8.91062053158766,10.311471548061453,76.94859220112555,149.32957773344086,166.19532010723958,119.06797592526253
151,VAL,135.9440210080443,9.802610750306721,8.4791384403312,10.809035090909125,97.25991611430973,131.37195512181233,113.71225029882082,141.3319037300497
152,LYS,132.28967978817462,11.483461456403187,9.814807790523664,12.621438328299773,-80.58715306887854,128.71095849581735,130.0179416306384,127.16821106880617
153,TYR,133.35794108894373,9.676429314935826,8.416546194047546,10.786550049551984,22.797270618334327,171.05000203974927,170.32264759553786,171.00323654634332
154,ALA,129.97962390926804,70.38964194989288,17.829030360875077,95.67263497831406,-9.614481654283015,109.18977359617367,109.35262427307217,108.88294744207688
155,THR,111.62286750643308,79.97639984035557,29.3422792559131,104.89466208856078,-36.11136332292278,52.83635373957866,30.83962407316838,64.96790063560125
156,ASN,-118.14964169089575,34.61128820251637,17.36854564656062,42.789954006626964,-120.73036831242302,110.06203853625009,87.74264886724688,125.60993375330632
157,LYS,-109.82577574094111,99.87227676812186,95.6876168371251,103.21397681151292,-75.87800196591986,59.94953745731519,51.483400143944,67.35081285363576
158,GLY,116.83335072607281,105.07491133005777,83.59758940180315,120.35049955251091,0.0,0.0,0.0,0.0
159,ASN,-94.34817962138258,49.116194690808385,42.933334327578315,53.34294086345197,-74.88114910987728,96.81402704120839,95.1234596308804,98.2795403103628
160,LEU,-45.29497313690875,22.133914014581773,17.79177548817407,25.515160340006467,-55.566247747757586,18.580404206482235,11.578644437436736,23.274971456385657
161,ARG,-31.066661764610608,35.36712313893839,13.141344208725975,47.5166231996466,-16.190184089813798,65.98692919125592,60.68422988478585,70.85515553879888
162,SER,-48.84527185706079,14.084459891444613,11.967086206437928,15.801713025091606,-11.360173895097441,102.73314960431577,95.0230822830087,108.63932952142687
163,ALA,-26.959412854147814,11.90251577726275,10.740929583405926,12.922974049365584,-7.685383193682482,109.17626168884752,108.460847631528,109.88593105668895
164,ILE,-39.97714543635192,12.026401904317014,10.059908283654138,13.676108471072878,-124.09581593811701,107.93986998242457,103.21535286304893,111.84646775952423
165,THR,-47.394862587154975,14.496869575178005,12.340916397173862,16.02836842514626,-60.31031841303948,40.825932153343174,8.552856733534664,56.9764883435317
166,ILE,-68.94547747116147,13.215575604106512,11.118046556863215,14.399888185298675,-56.10778143948957,22.348179130542547,9.24118805660148,30.120114071089642
167,PHE,-13.34819475236236,11.57394312077909,8.873844630782749,13.475830293288434,-66.14993398913433,9.683496431776636,7.549989217406428,10.586532012386355
168,PRO,-30.712278099835498,13.381521506378428,11.586677588730367,14.04894995430292,0.0,0.0,0.0,0.0
169,GLN,-29.316155602046635,12.94694395012284,9.869382345270186,13.636710111324964,44.92919446614348,67.9097001955607,13.827893162550815,88.41664109157067
170,ARG,-44.0906061435508,22.249414867481136,13.307226717277972,27.626709375468543,-51.501271467625564,77.85739287813277,84.96485092993532,69.10727590056365
171,THR,-32.752753142407016,19.379859399352398,15.86711968516918,22.33680049469071,-10.21585274834025,97.96322875257287,94.14872766782393,100.64909133966856
172,ASP,-12.776365756008342,104.67142530885542,106.07363331291015,93.37217904633832,-22.731228629725102,118.01140802702442,131.42068419532018,101.9340261177232
173,GLY,47.39295090080316,145.7521778795412,123.66831436729649,151.6986584065474,0.0,0.0,0.0,0.0
174,LYS,46.085025675224784,116.63313121100988,135.37533275777986,71.69481255537445,-66.67577839353669,74.36118640185775,46.4349678703787,93.92895476241
175,HIE,-8.814137418463051,34.01543675152282,31.646805009202893,18.577041261285085,-22.889805070235873,74.32902503984945,22.918416832361814,89.98435569272864
176,ASP,-36.85695228724333,28.37431422817021,19.707892477135914,34.67511156587886,-10.147279248526088,70.73770599460319,55.18508053132759,72.15668563370228
177,PHE,-65.73718861511729,34.250849966117954,9.902107867276579,37.045456247848996,-78.21383180768237,28.806858727950697,9.382909030270289,39.401116430692866
178,ARG,-43.49946418439663,16.02730832439015,12.765478797471005,17.990765023355884,-47.09126654451281,92.7265564801353,52.07781660088923,114.0675584595332
179,VAL,-55.631095715357375,13.086929552019603,10.52408959076765,15.123590640430855,-19.090876113600643,161.57669634304065,171.91247251732807,150.3292175108022
180,TRP,144.39647630897076,58.39789164182827,40.188506697459104,71.58228186349345,-77.15558746463476,21.52959501072439,8.09126392276047,28.578385622745795
181,ASN,-42.65612203721407,13.012196099582814,10.49428250410071,15.0621704878296,-51.85823631626755,16.14386477950125,7.865043764857277,21.393568876360224
182,SER,142.6094740265911,19.993407934059274,12.002749500279938,25.60071196300064,10.146141565895357,106.50844837491397,111.28667679016436,101.47071796664102
183,GLN,-36.9649990673047,13.830880215968191,9.971883628526548,16.59562719708147,-36.38560358313781,77.77354964624861,71.42009007569243,83.59837015974557
184,LEU,141.2993426053961,25.771981980908542,11.070467327771333,34.705019301788155,-64.73269448894952,32.10520554770768,18.429371610248364,41.479556814187696
185,ILE,-60.57873400575565,17.761839086275437,9.543275866623834,23.063404821072986,-51.455373472917785,31.578074802345583,15.96295001537862,41.61145520066186
186,ARG,-27.305280314019615,11.971308458857765,9.920683582581962,13.161090491359309,-97.07192259238032,90.4496000043796,77.43631730103307,101.71932051402193
187,TYR,-32.56270329181747,10.95832400642688,9.658413905517527,12.084426072517132,-59.27979248554319,11.846262680380972,7.5131425226804085,14.874841551784526
188,ALA,-21.55023154168622,18.274037486754768,11.538357547656421,22.813586423395712,-8.923443642480692,109.357300722421,107.61298518372378,111.06240627499282
189,GLY,-50.88967665485693,30.834668726066038,20.34779390229113,38.50330875627045,0.0,0.0,0.0,0.0
190,TYR,-44.1472534326324,23.15772194295697,20.56853317009733,22.947156975268282,-41.5842902445393,74.48403527820025,9.066955850156711,104.12098293886841
191,LYS,-43.08049749848142,40.8554442538288,17.441910747244552,55.04058004349217,-53.28485995517088,114.53773691832856,113.75592380419572,113.51571238232131
192,GLN,-34.14576918420949,28.482340890832198,13.275990026018034,35.515382232656044,-46.80617327214913,66.71705094645658,59.94222572689508,72.85774484279828
193,PRO,112.81732419074041,93.849996499899,68.45565665614018,108.65064453832049,0.0,0.0,0.0,0.0
194,ASP,13.790985174762552,152.64617714418418,160.06206401318724,144.3799321287824,25.223526910155655,77.08150242523678,55.841134500161566,89.90395178033035
195,GLY,33.25341646716351,141.17093725626142,147.43778528751213,134.1519696850489,0.0,0.0,0.0,0.0
196,SER,-18.663257676246793,59.28168277552862,20.23429540809001,80.99973877126504,-1.7994039410128593,98.67855090786524,93.32049052468612,103.49425337346193
197,THR,-42.55915100566129,35.55216780170214,16.127840374574753,47.14258868239556,-34.607231504724204,63.6498451387562,43.86102990517536,78.38180114874861
198,LEU,-42.38169799536885,63.31170023214032,17.630399637766008,87.59067635155914,-3.4514270201191195,142.42688107571786,156.52817167660294,120.74592298576837
199,GLY,16.011431488253763,42.420037477463666,14.032692975776833,55.97406844626753,0.0,0.0,0.0,0.0
200,ASP,-61.406059811728646,18.199306406260238,7.255072073921608,21.435078294902276,-88.78994841114795,124.2734416896996,93.11352648185462,131.76506829595075
201,PRO,143.02308913539028,57.951123981302835,62.848351455303224,52.53483122049814,0.0,0.0,0.0,0.0
202,ALA,116.05944722935314,107.31912517732493,112.9942800785454,101.30829319682097,-2.914822921393349,110.9480727291798,111.53037605075237,110.34867459287351
203,ASN,-30.750574209293767,157.87805421313465,122.53131906956858,144.1213924714227,-76.70472201387366,64.5425899460433,32.6440635026342,84.26933131754694
204,VAL,132.13549482567848,10.441027400900897,9.612710716590572,11.180842737593068,33.92988500194585,145.97716779731869,148.79374596842575,142.666581693345
205,GLN,136.24142693450216,20.25817718364103,16.656176593262945,23.25091194318766,-29.118247841172874,140.6362156859884,151.6742416467301,128.57639086913431
206,PHE,142.44176236721034,9.461362616629005,8.442204055800442,10.35788322037874,-70.16219491745828,152.0599043420978,163.61583824645106,138.00294048302817
207,THR,134.71467784017133,8.885014669092142,7.737074959931221,9.807747956014403,-57.339762759131766,9.221326151800945,7.330650983566088,10.785177292910122
208,GLU,139.15820201937385,14.389951501126886,9.960257272458877,17.724517116247075,-58.87000919301095,122.27306763743496,127.17944827325229,117.07439049032686
209,ILE,136.16087603666378,13.649501141037506,8.204001824679876,17.41187553199158,-64.07813208815546,37.386560796936635,13.341880583990001,50.488638016963215
210,CYS,135.32124186214844,9.233301696613827,8.520011284490497,9.843607008653036,-65.81963340462946,45.9705393617703,22.462192842615774,61.00681422014977
211,ILE,134.63633613580262,14.161271467695208,9.117168287731554,17.82625673679585,-67.34409089605859,14.767563223385437,8.651811320949474,18.94398044306732
212,GLN,141.66483874771512,25.244429763792358,18.3568591373073,30.578958279625716,-47.556669610156156,132.3809388072356,139.61810553540343,124.72396893953166
213,GLN,44.5535962243767,155.25047239396878,157.98681696583,152.1498448594793,-80.37317878387191,58.33912484325395,47.99136681599565,66.3945066130634
214,GLY,-51.56107703964706,156.12358922716223,157.1938498621689,155.03262370625472,0.0,0.0,0.0,0.0
215,TRP,-42.35844278551198,18.47403236331514,12.728160734683131,20.42505410468657,-60.51170441094644,158.46467098843118,160.11483432013168,156.78834959159968
216,LYS,-49.30960393806289,76.29306165960352,78.85666496177585,70.63151615546508,-57.33452410237865,84.78615219353141,66.71914953660972,97.7981015471151
217,ALA,-55.148221802889466,22.431614146366613,19.368847684561626,24.424717342694706,-5.154638588013193,109.38688542490482,110.31322824258925,108.41344203942137
218,PRO,72.17551233548441,114.08384904078127,101.88527806383848,100.84385086872084,0.0,0.0,0.0,0.0
219,ARG,-69.35986613798063,118.71172282127773,26.763262774161074,143.16340009643906,-77.21566671107911,65.34590843521654,53.36798622930076,73.6996113321076
220,GLY,-1.1037087248048865,24.15375542263661,19.284975736828542,28.169085723279814,0.0,0.0,0.0,0.0
221,ARG,141.92735158916088,67.1328970648069,23.221328734337067,90.09674998944688,-76.35772757669825,107.22262674184012,107.16536532411912,104.16859940648231
222,PHE,-135.15130580713955,46.05177317716128,12.416989622135953,63.383175416825786,-56.46865631670356,12.181493378891783,8.933679200095478,14.686558456048859
223,ASP,-54.882537358572826,14.246497048931168,10.514105871693035,16.8992921545614,-64.30633530599208,29.13584357669189,11.911267550497309,37.731911956133054
224,VAL,-51.423488348475644,11.241530712657495,10.034247313209159,11.819901063360977,53.44998816242255,150.4766703057016,150.61655916337864,149.77954285689592
225,LEU,-36.16763829435216,10.943620643397876,8.886715527583629,12.296945715505007,-77.74154285718208,49.23265837336138,22.457254584913414,65.85990020582342
226,PRO,-22.84204904063041,11.650590351015769,10.684664564087733,12.540567002355344,0.0,0.0,0.0,0.0
227,LEU,-50.18908131711496,14.164382496789148,13.474204094578402,14.701397129848173,-62.39907043844818,38.26565681078305,15.30678290555804,51.75122654364898
228,LEU,-65.05562025669413,14.033694539577239,11.199708949692193,15.402864465407514,-52.81790831270181,108.58085217473626,143.9880921207316,41.45352493867977
229,LEU,-49.453435287394214,20.030989253742128,14.938387316084563,20.368893112324983,-55.5743751291449,25.456063910364556,12.250788479830902,33.80469494772007
230,GLN,-55.348714250622244,21.7890445117078,12.75435254038879,27.163213900664317,-42.25829108620239,149.896350849656,156.46313155500857,141.65307154189654
231,ALA,36.708009973097326,101.0636599593683,13.238799175847262,100.56684253768394,4.270498900655814,110.92090245809882,113.99128491406255,107.76073965106754
232,ASN,-58.14734393262945,130.2737665940442,46.06518637710211,136.02240880306866,-63.78458245506664,72.21856970773683,56.03591398400933,83.96383313146002
233,GLY,-15.420386491185221,128.9150666141175,160.6728144381693,75.23069929403064,0.0,0.0,0.0,0.0
234,ASN,28.00797529511695,99.63095268376689,13.419976123457118,128.12294417835113,-68.01710560025127,63.30824485762296,34.21653024572324,82.73033550464639
235,ASP,-38.444318471398546,16.418443973444823,11.78025067139118,19.718012047810607,-48.87981865187108,48.84032517937406,33.07720896074918,58.828468356969886
236,PRO,-29.0323187447413,15.546167764044743,14.084665331527905,16.881200422555636,0.0,0.0,0.0,0.0
237,GLU,-35.8426721728935,13.892585708336004,11.980218106402102,15.568126973488505,-62.62813923533338,96.02402866882686,86.90224676588429,104.29030107344433
238,LEU,-51.69536840606954,14.187271154942152,10.52013292581736,16.64119951066372,-78.74750425443366,127.86947562770413,129.36729728588108,125.6673962129296
239,PHE,-44.543131317172964,22.470529081565537,20.72118068461606,23.909950149596728,-63.96770745935083,13.560587666486242,11.931266448120063,13.598032446672596
240,GLN,-46.98695421088583,13.035880811183942,11.327463521012545,14.541048679343461,-46.91776794850251,105.25715807802015,107.86346319821348,102.58213632974667
241,ILE,-51.391733258580516,10.590456292461297,9.226396475343531,11.79713026587209,-64.32194316522121,69.58004320050728,63.99985039869633,74.21191875442292
242,PRO,-40.400094639953664,12.817990680160818,12.00345759100658,13.16184098410805,0.0,0.0,0.0,0.0
243,PRO,146.52931461471482,42.069451992066014,34.446595172463766,48.37092857176823,0.0,0.0,0.0,0.0
244,GLU,132.55933524263162,83.51669806257063,64.98702705340223,97.87757393245747,-6.651546975015937,111.96604111550339,119.45606061303374,103.70621933051542
245,LEU,114.56626563917943,110.14896891037999,110.0390533953817,110.23289484607427,-68.36722533843437,71.21454069545189,68.13115965306572,74.16358892341194
246,VAL,-48.224034823874824,80.11674951672943,19.694812785443716,103.24825520039437,-27.10084644875105,162.9177164184864,167.43156656166624,158.23206554979737
247,LEU,-67.5511592882055,32.647417651372116,12.43830674762674,39.608620069177704,-3.6161199709252925,158.74876587231543,165.44755188094365,146.1632136817139
248,GLU,-37.87198773501211,17.032979206560924,13.529949402451129,19.50696999450709,-56.8818486152631,101.9238381144441,87.14842388590407,111.94064011848195
249,VAL,-62.22458638162612,12.411277216139831,9.74744248063492,14.058284481785671,10.124499809074045,165.32745049725807,172.4735807342892,157.83802547317916
250,PRO,-47.539988048454326,10.923479330179442,10.098531843762935,11.647692010028562,0.0,0.0,0.0,0.0
251,ILE,-54.666577987096694,12.31897112540316,11.446619556553154,13.13263397531978,-54.907841546944894,13.061813665102443,12.796932510486375,13.134821667428517
252,ARG,-21.31526868931977,12.955589156179476,12.08531793058261,13.735591255630183,56.59456700872848,31.66201072647175,29.508493900988526,33.65507909510254
253,HIE,-37.66637009083664,9.14853897132103,8.680554917360087,9.582074021815975,-93.98365934902574,144.268998963674,143.11720938556385,145.3672635187039
254,PRO,131.41220686537642,88.27826448367114,85.51335269607519,90.85901339856427,0.0,0.0,0.0,0.0
255,LYS,128.40066808646583,63.802908686758066,53.474064183182485,72.48361659438784,-59.10130066080263,108.71500032086236,108.7114358989486,108.51064086302435
256,PHE,-64.76855955610188,18.418986001157144,16.755911833263376,19.862052814415062,-58.582071483215245,14.668406384625614,12.52229211831194,16.515850291408782
257,ASP,135.01515947411505,64.85341100155911,33.38317413146131,84.35248513326135,-32.76471178635377,84.34008887456173,77.25153387315054,90.86600175348053
258,TRP,143.88359178237965,74.65564687128598,54.344178911211806,89.8155093076872,52.08334849147296,21.517821541505505,7.679255042154718,28.773037762931818
259,PHE,141.72048900523598,20.641326946452832,9.967364815768326,27.433911067618634,-134.38991455997643,35.70957116227427,19.945742921344305,44.8633312587428
260,LYS,143.83594146428817,27.59661447787101,10.886239644677906,37.408089508079755,-25.256474919606458,129.64947742691336,139.8739374046437,117.1275819752478
261,ASP,121.86672799231874,105.61225499507503,94.6140101575481,114.56137359594753,-69.53502331689157,58.685965790047135,53.360697189662595,63.56515311562595
262,LEU,136.99879865746706,83.8405189575076,66.67629259314562,96.9709547903781,-62.233705430525994,38.90335298168827,19.796969720208992,51.33220738704706
263,GLY,-135.20682874875328,77.69658270901492,60.092597937699026,90.92980670672402,0.0,0.0,0.0,0.0
264,LEU,-40.76025962983411,12.60579752944533,10.31829177750228,14.23936262477604,-54.828978000323474,46.186199287191904,16.10036959816682,63.30166531766589
265,LYS,-22.457138701416188,11.147229123666227,9.624178347153594,12.048601027093127,-9.177962897300263,88.23297677845255,81.02796008575194,93.76302411408619
266,TRP,-26.74684959929701,12.776530184447259,10.72337089986102,14.541615839649522,-152.73450852213696,21.6277245608288,5.686253508085481,29.999136801385085
267,TYR,-38.02366133441491,12.993427092487687,10.957504753199439,14.698940576133706,42.769826776592105,22.32063113322037,9.740228554743341,28.01443262490584
268,GLY,117.9193832652313,100.86931672354865,89.65040028448286,110.4759072538026,0.0,0.0,0.0,0.0
269,LEU,-63.19185072129755,16.394011338870637,10.638500507711411,19.7196805216087,-5.491316196884593,156.53952790365716,168.44211567611353,143.38725924051258
270,PRO,-41.5072006192388,66.4672615897681,23.094287035345985,87.04333768404244,0.0,0.0,0.0,0.0
271,ALA,-79.88566197308222,36.59623403706865,35.568471788115914,36.101653842351276,-2.748911172088103,108.83998092773118,109.46780070470551,108.14422408411325
272,VAL,-41.270445100290004,14.622492942976784,13.156055328716917,15.713341216425958,5.029062922235954,116.3872394641381,111.06978837078283,121.18188837356338
273,SER,11.903907829486334,161.72973864481943,167.09888493654825,155.8135381677803,41.607797695791426,61.01854277179072,21.251283150064424,81.68774003451237
274,ASN,9.11994474477374,148.8156692015547,132.72352658790047,132.0930120475901,12.525403006062895,104.93959571127675,104.74339953634674,102.57030874412385
275,MET,-34.0825036043391,18.478779269440007,14.454689440797074,20.96191837346395,-33.849699085097626,97.49947906811742,83.57051274006935,109.67325127138336
276,LEU,-31.979797624991487,17.959594775952688,14.657187306034688,20.734299681751565,15.848946864748058,144.73540794756576,159.82893574937853,124.76019004326669
277,LEU,-49.4635315162906,16.109235840397965,12.712292724020283,18.904398925130245,85.83412574801191,139.84174637578178,85.29576627302036,158.0168720385349
278,GLU,-56.41646384898861,15.868335064543825,11.362564792925124,19.311581683483343,-28.900067565269953,144.79461877248997,143.86373234205828,143.8292041319401
279,ILE,-41.07993909872443,75.1815293655803,10.357727777187646,101.87966469856653,-52.96526989821761,52.470410529656135,9.547348260913386,73.57634443883707
280,GLY,-123.96443822280791,56.34911328248605,15.030320377031313,74.06385546919277,0.0,0.0,0.0,0.0
281,GLY,60.01100528507425,150.97879869673875,151.16504846280887,149.24449094345368,0.0,0.0,0.0,0.0
282,LEU,-44.35990502042589,19.699315973664866,14.798916456761253,23.423121409271015,-49.461070256330935,64.61132064076058,9.682400669603405,90.32472516404611
283,GLU,-65.63047258228399,22.865940521329676,16.50203897470719,24.370315049630147,-56.57561702924434,84.47370500822375,38.56431080961227,112.32057568138605
284,PHE,-60.1804590982883,46.998718847109394,12.650361150140698,50.50890368683934,-59.70396628771425,29.970169058884224,9.100128486278676,41.34005485297431
285,SER,132.49257854576098,76.14173476295895,77.83597542002751,73.21289383117703,2.6548957252853906,82.31632452955384,65.65891888326138,79.66608325718653
286,ALA,-55.34721515788151,24.200042074063166,14.52096354975296,21.382226190556437,2.8542459793103077,106.2631975136936,105.17840672126539,107.05920810555658
287,CYS,-110.07224824499902,16.720328015539433,15.54786705302111,17.541588265942647,-11.615688591488391,75.9915630353489,74.1876880770646,62.413570404397035
288,PRO,-44.84710170233073,13.059729981427205,11.866853357952918,13.920251070625968,0.0,0.0,0.0,0.0
289,PHE,-23.821579510447233,18.994959386721767,20.421285667319843,17.334679948342536,32.314491540628545,161.61910833194804,163.11180459316589,160.05271331850125
290,SER,-22.321001457919767,45.24950538968554,13.900030183793632,62.07837201386148,-10.124344813107486,90.09645396396233,85.3354740191259,94.58849693514539
291,GLY,28.57714732544137,35.75673615550934,16.298096536411837,46.72556217144975,0.0,0.0,0.0,0.0
292,TRP,-25.672212704347075,17.877030433881274,10.654477749244228,22.71635103855385,54.437990829045404,44.805704842,14.679140706184985,60.694413828126066
293,TYR,-39.0744570922782,21.528308200152274,13.482905196372423,27.25718981872817,-76.37357384289956,18.136027393480855,14.547356582892018,20.98731113597381
294,MET,-45.47825672801086,36.67994612812822,11.630383252011143,50.12605464722048,-42.04161020265054,111.70185209313394,122.30120056876665,99.59435147250885
295,GLY,125.55909126469963,42.28789113664116,11.493808175642245,54.8800560387096,0.0,0.0,0.0,0.0
296,THR,146.33169344569893,49.18576844911016,17.65415962143222,66.5987219511846,30.040160466802313,64.33829075412137,64.99289568958586,63.63248166006081
297,GLU,126.94776711068927,66.46809475967042,33.791445849580825,87.40384005149872,-59.096585721840334,112.9112239818595,119.77461593561206,105.32817519952458
298,ILE,101.58202640265964,69.31695494940213,10.010590371673903,93.14309288303727,-55.10343386514611,32.361419205505555,9.889342354138357,44.589340508503206
299,GLY,113.84941542833793,66.12436656474378,59.73059932751553,70.9702535558321,0.0,0.0,0.0,0.0
300,VAL,124.28614349055894,40.53613602419672,20.074462936848235,53.666688472336865,-54.759898759544875,147.93948562586186,143.70493142574225,145.7376725304486
301,ARG,103.72321092784271,106.87657245397106,91.40867352210138,120.08782899213175,-73.7855504698137,72.55941819928469,50.502416025454856,89.30802473017094
302,ASH,130.31722312662046,44.623131235336274,13.170055632438237,60.11287602508914,-65.31872043851568,37.19492472444769,23.21129828432296,47.10207198857665
303,TYR,128.70943378946964,73.6449445234302,20.34517151818699,100.7413083199061,-75.80568027968617,21.770856128534838,14.84876714846402,24.921209816899548
304,CYS,92.36406811625712,129.35447549311874,102.2293863487424,145.15857606712612,-57.71027086657337,58.85458161479548,20.501046017380798,80.50098132859497
305,ASP,-57.9762432232923,24.126195836343328,10.667304514978749,29.945671302338045,-71.59564729266957,133.89673795772907,128.49857024709036,138.95634580378038
306,ASN,133.2098533765054,74.88596528605703,36.64756046000971,97.44651312390391,-41.41357135187554,121.4847893926089,133.70326992190007,107.84057044659241
307,SER,58.37448355094624,154.57949090518412,166.51981849943755,137.9930174736005,30.735864480746248,76.7796683384718,63.75078620419923,86.40985767666317
308,ARG,72.1812838296222,61.43080710557432,14.477045722716388,70.30826097923376,-58.7337183399717,43.45935157343266,7.30130738369979,60.692801901045314
309,TYR,94.37805199979941,102.01209152189918,31.133256628913948,112.76719520135003,-71.3476464103709,24.14170623266604,9.278477056940568,31.30903451617848
310,ASN,-108.98118826626082,89.01741900634741,29.34633133209136,117.13027635958149,-106.06667221218852,98.30144916983292,76.01608670245871,103.04104912142213
311,ILE,98.90405830055217,124.75756549266285,149.71118726927537,87.63949560799718,-6.103387783458798,91.93524337299353,47.51457377533295,86.01045924941795
312,LEU,136.86242974251533,14.624030552975404,9.039099637758246,18.578239969553955,-34.8795225263203,153.54181484695292,166.18633733899853,138.84776655817393
313,GLU,141.19233832642874,38.04302393810766,41.60613773671089,34.10928828463412,-44.677164585731774,104.83528415729398,104.13176740537834,105.51435131961667
314,GLU,136.2617449878838,10.69136102347344,10.177680745588805,11.177725116244952,-69.71080708194108,112.09379385811056,109.1263717403802,114.61483745655195
315,VAL,131.09692602543151,9.321788000232011,8.421161502877053,10.133942801864562,100.78030656374584,132.90225089252206,131.63819313469105,133.88683434663702
316,ALA,140.23604103752868,14.615370939327493,9.807210298547393,18.14176109404654,-3.9434529493298625,107.25087045448227,108.81093246425053,105.58594573589116
317,LYS,133.9029136220653,35.428258628195934,17.929330427926523,46.60533088224711,-62.134087618349724,106.19708043872274,105.53415221204082,106.70987441151628
318,LYS,141.66196787515793,39.3701766706292,23.63813145838956,50.322960434992645,-81.03829266371449,50.394791228355956,53.56323593021881,46.530861844238004
319,MET,46.592313839309426,162.27172007881478,160.53390786245987,163.46126143488306,-66.30795201824732,68.57849763885878,54.92231864124455,79.06526032642483
320,ASP,-136.8160288706475,35.51031487117527,29.280973144853856,40.71643144556696,-107.57477571691467,66.58563142686548,62.87199771040711,69.63882898275949
321,LEU,-26.626310676445897,27.88612927399752,12.536744777190641,37.389565193500516,-56.84411604025503,38.24586450296959,10.19115667722705,53.10714542659985
322,ASP,-105.48407124185245,31.98640728878479,22.832654396005687,39.003676796678555,-79.34105815314642,91.31716626441987,89.14850541079885,92.58375871996944
323,MET,52.07078329155281,139.33688256939277,146.80582432040725,129.56326982055828,13.765779370971334,79.19755501410839,75.27069358625484,82.41601281678331
324,ARG,71.31372115095868,139.25264714599308,125.75530824686275,148.6380621460526,-63.30846203107506,78.74675977675359,79.6221320415481,77.79903799028989
325,LYS,-28.960018997910215,52.37388002617025,38.15320397588416,62.39167506200671,-48.791168403659995,96.6968255190965,90.82320706711377,102.20078960420925
326,THR,93.2442926113839,93.10895461575998,61.917305880104216,99.56640602757858,-15.293842803748614,86.31796336199582,85.41506589090442,87.20714350419877
327,SER,18.86863650523122,153.71949543540399,148.56852542836356,148.2640266083046,10.853840160825657,84.71667665281583,64.64548018344146,93.29530803126892
328,SER,46.128119215117565,127.7090319364123,136.2047051250656,98.74867007648713,33.23576151081164,93.82677626218049,41.705954168485356,123.43002815395744
329,LEU,-108.36315524926572,97.17329168564078,51.260044067041456,119.77611450815537,-58.09532603279639,50.197043439173925,26.279875180886368,65.94435658309226
330,TRP,142.46894745597535,25.02072130305251,10.02530839689954,33.792014476399174,69.60839525143933,9.421157224168212,8.657427173083756,10.107343813237751
331,LYS,130.81966878594787,32.641136888793305,33.762290127761695,31.34017737886409,-62.01156181663137,79.14816313533609,59.12436856009897,94.86955885349862
332,ASP,139.60109808496148,33.95877471086621,18.641143436546407,44.077830418223535,-61.857447404146164,41.45728525833804,36.186495984715485,46.117111941985776
333,GLN,138.6612745142227,22.056773015194384,13.300686361371854,28.209131063766606,-55.11945897177911,116.11694418098602,123.72405433245865,107.9722358472104
334,ALA,141.4255235456153,10.59606762132419,9.997812433375948,11.156918720181055,3.523013728747392,109.06246734592976,109.1959240641389,108.91395786115545
335,LEU,139.9221414347385,14.06566374109396,8.61067035092007,17.925700064927632,-47.35425356005819,141.11447437333004,130.01067225259186,149.93125092894135
336,VAL,135.9412401873503,19.929269810548774,16.67307305039603,22.6674096153547,55.74707451953538,115.43081439471729,104.26943111051419,123.26104412853533
337,GLU,141.8548286338697,14.221987213758215,8.776260018829225,18.07245796388131,-62.80484313111272,24.08767202492956,19.588422662892,27.544860937836567
338,ILE,135.33098709260557,9.304652863002312,8.54152816443501,9.98920524382319,-70.63644338237684,35.741165093137305,26.375475432951063,42.66731229966183
339,ASN,132.8944833973347,19.17808830585062,9.514960720810967,25.36926582613503,-67.92575337342682,122.4772149423714,130.4597215242064,113.40659956112728
340,ILE,135.5438752928505,10.220507215408665,8.89505181578864,11.236928740354234,-83.24849864756342,45.21578057569629,39.31382077879862,50.3322188892481
341,ALA,133.51832092621305,9.939443033642352,8.986153818043967,10.802725334603931,-13.408870060125933,110.08545158224908,108.89974798018346,111.04444210782425
342,VAL,126.62451528989337,16.81437228954832,8.301261760641129,22.206029308794392,101.12660148191854,118.01315041994401,96.61500975625354,128.3283621503259
343,LEU,130.42770432484693,13.75110008629197,9.806029136379694,16.793306986027115,-69.48354823085712,70.27968289883167,44.27755093999469,88.76704327993377
344,TYR,136.21808676980405,9.076026973256344,8.02770149957977,10.013637581998012,90.75462233711625,144.6374632705543,137.35726912456167,150.61369709557604
345,SER,131.51524349560898,9.720701183213619,8.420770186880047,10.845410910459838,-58.936569422296856,10.739537015989482,7.8468275902900375,13.000190316150677
346,PHE,133.13200529661867,10.029897481054036,8.907413530493976,11.018449064090778,-85.05856501469039,9.106517220320677,7.110632072487569,10.313100517664218
347,GLN,139.11972692570603,26.72835024622672,17.274554372166413,33.60955492698254,-57.69922386704144,94.5901085300829,88.71816439521609,100.05894749825954
348,SER,138.37077931183248,23.786089390229677,18.566680293198594,28.0496336340397,-43.15723157638116,101.65204333020078,96.49146567709496,105.7891903753321
349,ASP,-63.749844423917644,157.69650337666943,154.05165328227523,160.5650455878138,-67.99285527220646,13.811893098914275,9.303544862374896,17.06151591412512
350,LYS,-131.4869010596978,71.64269471423711,53.34360045472702,85.47992897005919,-64.93775611655937,48.209464809523084,46.113831864646514,50.206149605430376
351,VAL,-44.405327631524486,11.276769076913977,9.36693214043099,12.900825092306546,-84.42093336670345,144.65261066274465,136.39930769741272,150.16828545737715
352,THR,-56.99247714530163,41.71122248244515,12.156549250823055,57.721691731353076,-44.53026103784029,45.65715086248919,29.472110355265784,56.64834448972824
353,ILE,-27.39122768761532,15.772432419344941,12.693592255592215,18.061929102153034,-137.72666836780147,80.94462651364552,73.24267408436314,86.82475591685437
354,VAL,-33.82556643080431,14.237110635680418,11.344758102840265,16.632935339500715,-5.141321188767495,99.38606930531974,83.30087098697828,108.207594999287
355,ASP,-35.29909401644994,24.46957259911865,13.143633822085858,32.009098446735905,48.96968901684832,110.0214556232331,104.93861918241052,114.87795908211656
356,HIE,144.92537022943634,25.21184749127837,17.536993130600585,30.931825236297716,47.01640709725614,67.20515806781522,10.298984034028845,92.41279085533108
357,HID,129.7067084490294,30.126296469294225,18.436778974897425,38.399300908918924,-53.63682154382315,76.53972512057439,52.80387909164647,94.35785590297981
358,SER,136.22726520491491,27.559017719417625,10.276805711968388,37.54707488656284,-24.050411475173053,114.10066578066343,108.04558748822713,119.5897815682913
359,ALA,132.60270795260138,34.77162233241943,22.606471083672012,43.540316162911864,-8.069567558655683,109.50388793053864,108.48688208372505,110.29461870255894
360,THR,140.28887183361402,25.90163672297118,8.985412587102163,35.31900769929347,33.41717698855359,47.44513978783328,7.850207425053995,59.49807567636164
361,GLU,131.18014266738635,30.896885244292974,10.38494391957197,42.10181186763291,-21.120204458434145,150.71865862049586,154.74503316562982,146.38878693241043
362,SER,141.55102767726265,24.734976019525217,10.59829237230594,33.228053898046696,-22.23249829384035,106.03288755333757,95.17416945749821,115.49026193224138
363,PHE,137.4128720557965,21.4723825169701,9.189648688241858,28.910716034140627,-57.65204011517807,158.63990086726366,153.71244410119442,161.5489034577813
364,ILE,137.93076636900304,17.15030067475793,9.05003294983796,22.49373996828362,-83.2104361097295,53.09364810582694,50.54800415354654,54.38349359880015
365,LYS,140.14186156499386,25.420676250334697,18.07271713956328,31.051352194058147,-74.60572841779826,79.98881005355265,78.86522109981867,80.87622423373419
366,HIE,128.45377360360698,33.37584939707669,9.145481983943753,46.25795274442096,48.439285857588786,158.92301938906652,164.02266124647093,152.76441217509173
367,MET,138.7768101786205,15.076466692195902,9.970944704007854,18.760783923397916,-79.17802115581796,97.38363940771747,93.45920989435841,100.75415037738462
368,GLU,136.4018364892542,39.541502928074756,11.06981733844744,54.66861690899638,-53.97456761348709,137.3058487100071,139.96401690735016,132.83160608285004
369,ASN,135.85579733827853,24.88943641763925,10.38550519426314,33.62385163023537,-73.39033106935477,125.95527072852296,136.40177103180926,114.50773197545382
370,GLU,134.35483957557696,41.00220408070221,8.550563859999633,57.11941526599752,-68.01861189061584,58.99747968067462,8.246154776349819,83.02489350234684
371,TYR,122.33487955365109,76.36513791082547,63.65271680296179,86.19941130780435,-63.64505878692283,92.66920218495397,33.823955278980364,124.71268811772481
372,ARG,109.6161327601729,95.74353592402146,58.126604493991586,119.91560932172662,-59.093213345370266,100.17052610473685,114.602248030623,82.92850844307303
373,CYS,97.46436649286161,100.0682642400858,87.73889714803754,103.88675082555011,-19.663099064969014,95.83297746913873,84.26547929380223,106.03155048579583
374,ARG,48.891808357329865,142.88723336808857,120.22390249248188,140.19618750446094,-70.40756110054929,101.45265602320966,86.23315459238464,94.30245932176085
375,GLY,-24.10866259467357,146.16181881021416,155.9727042771535,129.13806295226362,0.0,0.0,0.0,0.0
376,GLY,-6.36916317198244,28.057917816127876,13.836936973696794,37.1799323977268,0.0,0.0,0.0,0.0
377,CYS,-53.20198216083826,17.05185981988023,12.030182862500434,19.81605322843696,-37.031300960651045,153.09506118303923,163.02532979991065,142.17470448746275
378,PRO,-43.17241698162892,16.49738644296033,9.981697583148376,19.622033229765616,0.0,0.0,0.0,0.0
379,ALA,-49.49594997751581,28.845976518095444,14.675349004674235,37.389766832611656,-0.9820064750836802,110.28210786704939,108.61999043306447,111.91204174160532
380,ASP,-75.54853461720545,45.2673821262068,10.530211835456976,62.44188592972447,-116.39460093988154,98.09431484795303,84.13196131335533,104.654559881304
381,TRP,121.19379603372309,58.04306579784289,9.785441093281088,80.43224330392239,-39.52318994450216,157.71149750813345,167.65782528189845,147.03377437171744
382,VAL,137.52694084242015,73.03122475545557,70.15127922190163,75.54306848109789,31.046718236767447,111.20399179403239,93.9272320339436,125.55975286436355
383,TRP,140.56404018171912,58.137878605869,40.13350904208279,70.97723294988135,-75.91100192501901,70.41322328697068,28.8328910344027,94.63491348600593
384,ILE,122.04353527332493,57.52165919772122,8.741179176688927,78.07641391035853,-67.50173596868684,26.616648878972317,16.098472400084393,34.01151926232297
385,VAL,-52.811536735086456,12.380666209257535,8.986663442491182,15.003323924204555,51.03842303279472,149.12996567520756,160.26503189813405,136.9762647724253
386,PRO,-27.22706093018167,12.93566679601866,9.869972352609397,15.12792996903771,0.0,0.0,0.0,0.0
387,PRO,26.376683494828807,158.82269659872566,166.91134465624174,146.29408633308876,0.0,0.0,0.0,0.0
388,MET,-36.70917535145783,32.25346431021511,12.808652846535363,43.70554411671957,7.6002998363803975,118.84016637492176,128.7201667383045,107.82517777899594
389,SER,-105.99378954250797,97.88072605215514,74.90044696106342,107.36298480356065,-42.865987819687916,68.11610410696275,36.02785702048426,89.3083468942354
390,GLY,95.28297657054482,81.79522182967516,37.87149340791968,101.90032621947914,0.0,0.0,0.0,0.0
391,SER,82.45597470988062,125.55116681224256,111.28766323874999,127.52827936573955,16.459432254059923,88.56450731150409,69.52221822266361,100.7396995844189
392,ILE,92.47043523615278,108.98663732154142,76.38843824539195,122.48926406590624,-46.81407226856343,67.02044499890322,49.793867365499175,80.21443181847644
393,THR,-38.06956935666014,12.139963237098533,9.790460247442391,14.102886397948737,53.45515393435884,74.00802651764998,25.59964157448208,99.84444057877973
394,PRO,110.22181770424545,109.43141009975248,94.59479328098492,119.62208781723702,0.0,0.0,0.0,0.0
395,VAL,133.1006053953158,79.29586480534736,47.49315735845177,99.01439304753984,-42.476365662695635,73.34346040643854,39.432581476783675,91.82146648012326
396,PHE,121.68920538906919,76.53355168733583,18.836020612099183,103.85604965404544,-56.03425235117605,147.26392057850737,159.71225290655832,133.57764776484808
397,HIE,9.687779930828587,154.3714049901363,159.10420218824075,149.2492635157365,-35.954322296454244,70.05277316974998,55.95498960434008,81.74589531449998
398,GLN,-40.47485858989836,35.19756219992773,14.50681132902227,47.13293163097319,-26.71591319919317,132.9135508533734,143.08961849284444,121.75813064852146
399,GLU,-52.108107815065445,54.71707485355001,28.836943212436633,71.70598770292776,-42.628019657273704,94.13062684525872,71.60703568098495,111.85299042258794
400,MET,-36.06474729958184,26.821256433903155,15.82384685303344,33.78043053492219,-29.202218069003496,71.80508746286904,68.79441261178552,73.3039109341301
401,LEU,-45.03078743813871,19.1605388427699,14.390028746708202,22.882780209845457,-46.60826143753385,102.56024338590763,104.43489040987404,100.64937069433797
402,ASN,-53.08765580923202,71.22399393855561,28.518385430753742,95.85999368916767,-64.28486667007319,141.57135843818438,158.02109797957564,122.60865277711024
403,TYR,-27.750544923989573,37.62850617543034,12.028798482939111,51.802306114595375,30.325284182918136,73.89983488014354,9.040624461962995,99.98584117745402
404,ARG,-58.828296138028705,31.545114028784695,21.14589186943635,39.19969869484233,-59.82797514392386,113.2906363693915,112.07160870580104,112.35976505250503
405,LEU,-29.307358486933484,26.52551471109259,21.518613631562772,30.35293395056506,-58.080677137651755,74.31362367875595,66.52686896118279,81.33140969359934
406,THR,-38.20388546450249,11.923864008890964,9.499246243226214,13.896978264289142,-64.16872144284417,126.34442361243157,130.60222398847537,111.21871946416373
407,PRO,-22.416204275510758,12.658873201468111,10.774840464071124,14.293500445317266,0.0,0.0,0.0,0.0
408,SER,-27.47610618087029,14.082617405431439,13.516127576059029,14.497697348848618,-38.418633414480865,135.7321170495422,125.02409717083829,145.42068142419134
409,PHE,-41.37291496062401,17.789823196950508,13.721339626350744,20.693901744504643,-63.003003970549486,23.15220966405258,10.041981675492883,30.97290787780813
410,GLU,-30.87367320346497,21.76129128226369,17.514025551707494,25.132335197674404,-49.747213571582485,105.78103772356592,80.51372278651068,125.9684157416448
411,TYR,-42.059027053307375,26.19726549544315,14.283832508744997,33.31281998819927,-16.76857032993929,116.5019515122891,116.07354750103042,116.37304221202358
412,GLN,-36.92987165884733,18.281731096640744,13.92016132612003,21.116818729508243,-15.191528540947207,92.52204544677728,66.94243629190605,96.68821113244202
413,PRO,-17.254056739251517,34.878489744974004,12.243548356442759,47.0282936672615,0.0,0.0,0.0,0.0
414,ASP,-47.6238680413204,21.674103095698943,13.739989571405028,27.220385945705594,-51.830615311259564,38.64917199412527,14.068011367376554,51.60693530741786
415,PRO,124.179330958576,83.1258205851639,61.6529967752185,98.26145938294869,0.0,0.0,0.0,0.0
416,TRP,100.019424222523,122.80952022932807,118.49081699665334,126.08474853812574,34.75662260638835,51.10566559771381,12.699647017078975,65.5297081343232
417,ASN,53.37100555235215,141.48521042489395,140.67896788668895,141.0197425827799,-70.03875143954109,91.19284280482304,91.72733170526472,90.64310232322478
418,THR,8.384869008952116,94.37838577034428,90.4859354169255,98.04761574399187,-30.8193292186727,95.33853895831697,106.4649945287698,82.51756584868293
419,HIE,-21.51674856165974,59.669643466315485,21.251015901198322,80.92249665052636,-40.522995650490515,141.21344981676236,156.1898727054429,123.91166609615937
420,VAL,-17.044708778611632,94.28886663419131,86.99607890238792,100.53798370106841,-12.46768107392394,120.07275578942715,116.02237549545104,122.12800458698231
421,TRP,-32.24263309443462,102.85563445116351,109.21819737768364,92.63331846075687,-48.38034668853261,100.37447256235858,70.53332051467774,122.35877673160164
